payment_id,user_id,payment_date,payment_status,amount,monthly_price
PAY000001,U000004,2026-02-17,paid,990.0,990
PAY000002,U000012,2026-06-26,paid,2980.0,1490
PAY000003,U000016,2026-01-27,paid,2980.0,1490
PAY000004,U000019,2026-04-16,paid,1490.0,1490
PAY000005,U000020,2026-06-26,paid,1990.0,1990
PAY000006,U000031,2026-04-04,paid,1490.0,1490
PAY000007,U000037,2026-03-16,paid,1490.0,1490
PAY000008,U000039,2026-06-08,paid,990.0,990
PAY000009,U000040,2026-07-08,paid,1490.0,1490
PAY000010,U000043,2026-04-07,paid,990.0,990
PAY000011,U000047,2026-03-07,paid,990.0,990
PAY000012,U000059,2026-04-10,paid,1490.0,1490
PAY000013,U000063,2026-04-17,refunded,990.0,990
PAY000014,U000069,2026-04-13,paid,990.0,990
PAY000015,U000071,2026-04-10,paid,990.0,990
PAY000016,U000072,2026-05-30,paid,990.0,990
PAY000017,U000077,2026-03-15,paid,1490.0,1490
PAY000018,U000081,2026-03-21,refunded,1990.0,1990
PAY000019,U000082,2026-01-23,paid,990.0,990
PAY000020,U000083,2026-06-22,paid,1490.0,1490
PAY000021,U000091,2026-04-04,paid,1990.0,1990
PAY000022,U000098,2026-02-04,paid,990.0,990
PAY000023,U000103,2026-05-22,paid,990.0,990
PAY000024,U000109,2026-07-05,paid,1990.0,1990
PAY000025,U000110,2026-06-17,paid,1490.0,1490
PAY000026,U000112,2026-05-13,paid,1990.0,1990
PAY000027,U000120,2026-05-07,paid,990.0,990
PAY000028,U000121,2026-05-26,paid,3980.0,1990
PAY000029,U000126,2026-04-17,paid,990.0,990
PAY000030,U000128,2026-05-29,paid,1490.0,1490
PAY000031,U000129,2026-04-16,paid,1490.0,1490
PAY000032,U000133,2026-02-06,paid,990.0,990
PAY000033,U000135,2026-03-02,paid,2980.0,1490
PAY000034,U000137,2026-03-10,paid,1990.0,1990
PAY000035,U000142,2026-05-20,paid,2980.0,1490
PAY000036,U000145,2026-03-04,paid,1490.0,1490
PAY000037,U000146,2026-07-07,paid,2990.0,2990
PAY000038,U000148,2026-06-30,paid,990.0,990
PAY000039,U000151,2026-02-19,paid,1490.0,1490
PAY000040,U000152,2026-01-18,paid,990.0,990
PAY000041,U000154,2026-01-25,paid,1990.0,1990
PAY000042,U000155,2026-02-05,paid,990.0,990
PAY000043,U000169,2026-05-18,paid,990.0,990
PAY000044,U000170,2026-04-08,paid,1990.0,1990
PAY000045,U000171,2026-05-12,paid,2980.0,1490
PAY000046,U000175,2026-03-22,paid,990.0,990
PAY000047,U000180,2026-04-21,paid,1490.0,1490
PAY000048,U000182,2026-01-10,paid,990.0,990
PAY000049,U000186,2026-01-26,paid,2980.0,1490
PAY000050,U000187,2026-05-26,paid,1990.0,1990
PAY000051,U000190,2026-03-22,paid,1490.0,1490
PAY000052,U000198,2026-06-13,paid,990.0,990
PAY000053,U000208,2026-06-10,paid,990.0,990
PAY000054,U000227,2026-03-03,paid,1490.0,1490
PAY000055,U000230,2026-04-22,paid,1490.0,1490
PAY000056,U000231,2026-02-04,paid,990.0,990
PAY000057,U000240,2026-06-04,paid,1490.0,1490
PAY000058,U000241,2026-03-28,paid,1990.0,1990
PAY000059,U000242,2026-02-19,paid,1990.0,1990
PAY000060,U000248,2026-05-07,paid,2990.0,2990
PAY000061,U000250,2026-04-03,paid,3960.0,990
PAY000062,U000253,2026-06-27,paid,990.0,990
PAY000063,U000256,2026-05-07,paid,1490.0,1490
PAY000064,U000262,2026-03-27,paid,990.0,990
PAY000065,U000263,2026-02-13,paid,1490.0,1490
PAY000066,U000265,2026-05-11,paid,1990.0,1990
PAY000067,U000273,2026-01-30,paid,2990.0,2990
PAY000068,U000277,2026-06-06,paid,990.0,990
PAY000069,U000280,2026-06-19,paid,1490.0,1490
PAY000070,U000286,2026-02-24,refunded,1490.0,1490
PAY000071,U000294,2026-05-25,paid,1490.0,1490
PAY000072,U000298,2026-03-19,paid,990.0,990
PAY000073,U000304,2026-01-08,paid,990.0,990
PAY000074,U000308,2026-03-26,paid,1990.0,1990
PAY000075,U000309,2026-02-17,paid,1990.0,1990
PAY000076,U000312,2026-06-08,paid,1490.0,1490
PAY000077,U000316,2026-02-26,paid,1990.0,1990
PAY000078,U000321,2026-04-02,refunded,990.0,990
PAY000079,U000323,2026-04-02,paid,3980.0,1990
PAY000080,U000325,2026-02-26,paid,1490.0,1490
PAY000081,U000326,2026-04-15,paid,990.0,990
PAY000082,U000329,2026-03-22,paid,1490.0,1490
PAY000083,U000336,2026-05-12,paid,1490.0,1490
PAY000084,U000338,2026-06-22,paid,1990.0,1990
PAY000085,U000341,2026-01-18,paid,2990.0,2990
PAY000086,U000350,2026-02-28,paid,990.0,990
PAY000087,U000352,2026-03-23,refunded,990.0,990
PAY000088,U000357,2026-05-19,paid,1990.0,1990
PAY000089,U000366,2026-07-02,paid,1990.0,1990
PAY000090,U000382,2026-04-02,paid,1490.0,1490
PAY000091,U000383,2026-03-31,paid,990.0,990
PAY000092,U000385,2026-01-07,paid,990.0,990
PAY000093,U000389,2026-02-22,paid,990.0,990
PAY000094,U000394,2026-01-12,paid,1990.0,1990
PAY000095,U000407,2026-01-23,paid,1490.0,1490
PAY000096,U000414,2026-03-08,paid,1490.0,1490
PAY000097,U000417,2026-01-22,paid,2990.0,2990
PAY000098,U000424,2026-02-07,paid,1490.0,1490
PAY000099,U000439,2026-04-24,paid,990.0,990
PAY000100,U000445,2026-03-17,paid,2980.0,1490
PAY000101,U000455,2026-03-07,paid,1990.0,1990
PAY000102,U000456,2026-01-10,paid,990.0,990
PAY000103,U000457,2026-06-24,paid,990.0,990
PAY000104,U000465,2026-04-12,paid,990.0,990
PAY000105,U000467,2026-05-14,paid,1490.0,1490
PAY000106,U000475,2026-06-21,paid,1490.0,1490
PAY000107,U000486,2026-06-27,paid,2980.0,1490
PAY000108,U000492,2026-05-09,paid,990.0,990
PAY000109,U000500,2026-03-14,paid,2990.0,2990
PAY000110,U000508,2026-05-20,refunded,2980.0,1490
PAY000111,U000511,2026-06-02,paid,1490.0,1490
PAY000112,U000516,2026-06-30,paid,990.0,990
PAY000113,U000518,2026-01-29,paid,990.0,990
PAY000114,U000519,2026-04-05,paid,1990.0,1990
PAY000115,U000550,2026-07-02,paid,1990.0,1990
PAY000116,U000551,2026-05-14,paid,990.0,990
PAY000117,U000557,2026-03-11,paid,2990.0,2990
PAY000118,U000558,2026-02-10,refunded,1990.0,1990
PAY000119,U000572,2026-03-20,paid,990.0,990
PAY000120,U000588,2026-04-22,paid,1990.0,1990
PAY000121,U000589,2026-06-25,paid,990.0,990
PAY000122,U000594,2026-06-26,paid,1490.0,1490
PAY000123,U000596,2026-04-09,paid,990.0,990
PAY000124,U000601,2026-05-04,paid,5980.0,2990
PAY000125,U000602,2026-07-03,paid,2990.0,2990
PAY000126,U000606,2026-05-31,paid,990.0,990
PAY000127,U000627,2026-03-07,paid,2990.0,2990
PAY000128,U000628,2026-04-17,paid,1490.0,1490
PAY000129,U000630,2026-02-12,paid,990.0,990
PAY000130,U000637,2026-03-19,paid,1490.0,1490
PAY000131,U000638,2026-04-11,paid,2980.0,1490
PAY000132,U000640,2026-03-23,paid,1990.0,1990
PAY000133,U000642,2026-02-04,refunded,1490.0,1490
PAY000134,U000643,2026-01-25,paid,11960.0,2990
PAY000135,U000653,2026-06-17,paid,990.0,990
PAY000136,U000654,2026-06-02,paid,990.0,990
PAY000137,U000656,2026-04-06,paid,1490.0,1490
PAY000138,U000673,2026-05-13,paid,1990.0,1990
PAY000139,U000679,2026-07-01,paid,990.0,990
PAY000140,U000682,2026-06-16,paid,990.0,990
PAY000141,U000683,2026-03-25,paid,2990.0,2990
PAY000142,U000687,2026-04-16,refunded,990.0,990
PAY000143,U000701,2026-02-12,paid,1490.0,1490
PAY000144,U000704,2026-04-13,paid,1490.0,1490
PAY000145,U000707,2026-03-16,paid,1490.0,1490
PAY000146,U000710,2026-03-09,paid,1980.0,990
PAY000147,U000726,2026-04-25,paid,990.0,990
PAY000148,U000735,2026-02-14,paid,1990.0,1990
PAY000149,U000736,2026-06-28,paid,990.0,990
PAY000150,U000737,2026-06-09,paid,990.0,990
PAY000151,U000743,2026-03-10,paid,990.0,990
PAY000152,U000746,2026-03-28,refunded,1490.0,1490
PAY000153,U000749,2026-03-03,paid,990.0,990
PAY000154,U000751,2026-07-01,paid,2990.0,2990
PAY000155,U000756,2026-04-15,paid,990.0,990
PAY000156,U000757,2026-03-08,paid,1490.0,1490
PAY000157,U000759,2026-05-06,paid,1990.0,1990
PAY000158,U000760,2026-05-16,paid,990.0,990
PAY000159,U000763,2026-02-18,paid,2990.0,2990
PAY000160,U000764,2026-05-30,paid,1490.0,1490
PAY000161,U000767,2026-05-18,paid,1990.0,1990
PAY000162,U000772,2026-03-24,paid,990.0,990
PAY000163,U000773,2026-04-22,paid,990.0,990
PAY000164,U000774,2026-04-26,paid,1490.0,1490
PAY000165,U000780,2026-04-27,paid,1990.0,1990
PAY000166,U000781,2026-02-08,paid,1990.0,1990
PAY000167,U000782,2026-02-26,paid,1990.0,1990
PAY000168,U000787,2026-05-20,paid,2990.0,2990
PAY000169,U000794,2026-06-11,paid,1990.0,1990
PAY000170,U000795,2026-03-21,paid,1990.0,1990
PAY000171,U000799,2026-02-26,paid,990.0,990
PAY000172,U000808,2026-06-28,paid,1490.0,1490
PAY000173,U000809,2026-05-23,paid,1490.0,1490
PAY000174,U000812,2026-04-20,paid,1490.0,1490
PAY000175,U000817,2026-01-31,paid,1490.0,1490
PAY000176,U000818,2026-02-24,paid,2990.0,2990
PAY000177,U000819,2026-05-31,paid,990.0,990
PAY000178,U000828,2026-03-23,refunded,990.0,990
PAY000179,U000832,2026-07-08,paid,1490.0,1490
PAY000180,U000834,2026-04-02,paid,3980.0,1990
PAY000181,U000836,2026-03-29,refunded,990.0,990
PAY000182,U000844,2026-06-27,paid,1490.0,1490
PAY000183,U000856,2026-03-09,paid,1490.0,1490
PAY000184,U000868,2026-01-30,paid,2990.0,2990
PAY000185,U000870,2026-04-05,paid,990.0,990
PAY000186,U000871,2026-03-10,paid,990.0,990
PAY000187,U000875,2026-02-22,paid,990.0,990
PAY000188,U000877,2026-03-15,paid,1490.0,1490
PAY000189,U000880,2026-06-05,paid,1490.0,1490
PAY000190,U000889,2026-07-01,paid,1490.0,1490
PAY000191,U000891,2026-05-28,paid,990.0,990
PAY000192,U000899,2026-05-11,paid,1490.0,1490
PAY000193,U000900,2026-04-22,paid,1980.0,990
PAY000194,U000903,2026-05-19,paid,1490.0,1490
PAY000195,U000904,2026-06-27,paid,5960.0,1490
PAY000196,U000906,2026-04-12,paid,1490.0,1490
PAY000197,U000914,2026-06-24,paid,1490.0,1490
PAY000198,U000927,2026-05-29,paid,990.0,990
PAY000199,U000928,2026-02-20,refunded,990.0,990
PAY000200,U000931,2026-01-15,paid,1490.0,1490
PAY000201,U000935,2026-01-18,paid,1990.0,1990
PAY000202,U000938,2026-01-18,paid,3980.0,1990
PAY000203,U000942,2026-03-01,paid,1490.0,1490
PAY000204,U000947,2026-02-23,paid,1990.0,1990
PAY000205,U000948,2026-03-29,paid,990.0,990
PAY000206,U000954,2026-03-27,paid,1990.0,1990
PAY000207,U000955,2026-04-11,paid,990.0,990
PAY000208,U000966,2026-05-01,paid,990.0,990
PAY000209,U000983,2026-06-03,paid,1490.0,1490
PAY000210,U000985,2026-04-08,paid,2990.0,2990
PAY000211,U000988,2026-06-14,paid,990.0,990
PAY000212,U000991,2026-06-05,paid,3960.0,990
PAY000213,U000997,2026-02-20,paid,1490.0,1490
PAY000214,U001000,2026-06-02,paid,2990.0,2990
PAY000215,U001006,2026-06-29,paid,1490.0,1490
PAY000216,U001011,2026-03-12,paid,990.0,990
PAY000217,U001017,2026-05-20,paid,1990.0,1990
PAY000218,U001023,2026-02-20,paid,1990.0,1990
PAY000219,U001037,2026-01-15,paid,1990.0,1990
PAY000220,U001038,2026-03-21,paid,1490.0,1490
PAY000221,U001041,2026-03-21,paid,1990.0,1990
PAY000222,U001053,2026-05-25,paid,1990.0,1990
PAY000223,U001056,2026-03-13,paid,1490.0,1490
PAY000224,U001070,2026-04-24,paid,990.0,990
PAY000225,U001071,2026-05-24,paid,1490.0,1490
PAY000226,U001075,2026-02-20,paid,1490.0,1490
PAY000227,U001082,2026-04-26,paid,1490.0,1490
PAY000228,U001084,2026-01-07,paid,1990.0,1990
PAY000229,U001085,2026-06-27,paid,990.0,990
PAY000230,U001086,2026-02-28,paid,990.0,990
PAY000231,U001098,2026-02-28,paid,990.0,990
PAY000232,U001099,2026-01-14,paid,990.0,990
PAY000233,U001102,2026-05-01,refunded,1490.0,1490
PAY000234,U001106,2026-04-23,paid,1490.0,1490
PAY000235,U001107,2026-03-04,refunded,1490.0,1490
PAY000236,U001115,2026-06-01,paid,990.0,990
PAY000237,U001125,2026-04-25,paid,1990.0,1990
PAY000238,U001128,2026-05-24,paid,1990.0,1990
PAY000239,U001132,2026-01-19,paid,990.0,990
PAY000240,U001134,2026-03-22,paid,1990.0,1990
PAY000241,U001139,2026-06-27,paid,1490.0,1490
PAY000242,U001144,2026-03-02,paid,2990.0,2990
PAY000243,U001146,2026-02-06,paid,3980.0,1990
PAY000244,U001148,2026-02-02,paid,1490.0,1490
PAY000245,U001155,2026-01-14,paid,2990.0,2990
PAY000246,U001163,2026-02-27,paid,1990.0,1990
PAY000247,U001168,2026-03-22,paid,1490.0,1490
PAY000248,U001174,2026-04-16,paid,1990.0,1990
PAY000249,U001177,2026-02-02,paid,1990.0,1990
PAY000250,U001178,2026-06-16,paid,1490.0,1490
PAY000251,U001181,2026-03-05,paid,990.0,990
PAY000252,U001183,2026-01-14,paid,1980.0,990
PAY000253,U001188,2026-05-02,paid,1490.0,1490
PAY000254,U001191,2026-01-29,paid,1990.0,1990
PAY000255,U001195,2026-07-01,refunded,990.0,990
PAY000256,U001198,2026-05-13,paid,1990.0,1990
PAY000257,U001199,2026-01-22,paid,1490.0,1490
PAY000258,U001201,2026-07-01,paid,1490.0,1490
PAY000259,U001213,2026-05-11,paid,990.0,990
PAY000260,U001216,2026-07-08,paid,3980.0,1990
PAY000261,U001218,2026-01-30,paid,1990.0,1990
PAY000262,U001223,2026-01-18,paid,990.0,990
PAY000263,U001230,2026-07-04,paid,2990.0,2990
PAY000264,U001234,2026-02-27,refunded,1990.0,1990
PAY000265,U001238,2026-02-20,paid,1990.0,1990
PAY000266,U001240,2026-03-20,paid,990.0,990
PAY000267,U001254,2026-02-08,paid,990.0,990
PAY000268,U001257,2026-06-20,paid,1980.0,990
PAY000269,U001261,2026-03-26,paid,1990.0,1990
PAY000270,U001262,2026-01-06,paid,990.0,990
PAY000271,U001263,2026-02-08,paid,1990.0,1990
PAY000272,U001266,2026-02-21,refunded,1990.0,1990
PAY000273,U001270,2026-05-24,paid,990.0,990
PAY000274,U001272,2026-05-19,paid,1990.0,1990
PAY000275,U001276,2026-06-03,paid,1980.0,990
PAY000276,U001277,2026-01-09,paid,1990.0,1990
PAY000277,U001280,2026-06-05,paid,990.0,990
PAY000278,U001285,2026-04-22,refunded,990.0,990
PAY000279,U001287,2026-05-12,paid,1490.0,1490
PAY000280,U001288,2026-02-26,paid,990.0,990
PAY000281,U001289,2026-04-28,paid,990.0,990
PAY000282,U001297,2026-05-21,paid,1490.0,1490
PAY000283,U001300,2026-04-06,paid,1990.0,1990
PAY000284,U001301,2026-04-19,paid,1990.0,1990
PAY000285,U001316,2026-03-28,paid,2990.0,2990
PAY000286,U001325,2026-02-10,paid,1990.0,1990
PAY000287,U001335,2026-01-20,paid,990.0,990
PAY000288,U001344,2026-04-25,paid,1990.0,1990
PAY000289,U001347,2026-01-12,paid,990.0,990
PAY000290,U001349,2026-06-08,paid,1990.0,1990
PAY000291,U001356,2026-05-15,paid,1990.0,1990
PAY000292,U001362,2026-07-04,paid,1990.0,1990
PAY000293,U001363,2026-02-18,paid,1990.0,1990
PAY000294,U001365,2026-06-16,paid,2990.0,2990
PAY000295,U001367,2026-02-01,paid,1990.0,1990
PAY000296,U001372,2026-01-15,refunded,7450.0,1490
PAY000297,U001376,2026-06-05,paid,1490.0,1490
PAY000298,U001379,2026-05-13,paid,990.0,990
PAY000299,U001392,2026-04-06,paid,2990.0,2990
PAY000300,U001393,2026-04-12,paid,1490.0,1490
PAY000301,U001394,2026-04-19,paid,5960.0,1490
PAY000302,U001395,2026-04-27,paid,1990.0,1990
PAY000303,U001397,2026-01-26,paid,990.0,990
PAY000304,U001398,2026-06-26,paid,990.0,990
PAY000305,U001406,2026-06-29,paid,990.0,990
PAY000306,U001410,2026-06-16,paid,1490.0,1490
PAY000307,U001416,2026-01-25,paid,2990.0,2990
PAY000308,U001432,2026-01-18,paid,1490.0,1490
PAY000309,U001437,2026-06-16,paid,990.0,990
PAY000310,U001438,2026-03-09,paid,3980.0,1990
PAY000311,U001439,2026-01-10,paid,990.0,990
PAY000312,U001455,2026-03-03,paid,990.0,990
PAY000313,U001457,2026-01-13,paid,2990.0,2990
PAY000314,U001465,2026-01-05,paid,1490.0,1490
PAY000315,U001469,2026-01-14,paid,2990.0,2990
PAY000316,U001472,2026-05-09,paid,1490.0,1490
PAY000317,U001474,2026-04-03,paid,1490.0,1490
PAY000318,U001475,2026-01-25,paid,1490.0,1490
PAY000319,U001502,2026-02-14,paid,990.0,990
PAY000320,U001510,2026-05-15,paid,990.0,990
PAY000321,U001512,2026-06-20,paid,3980.0,1990
PAY000322,U001517,2026-06-25,paid,2990.0,2990
PAY000323,U001522,2026-05-26,paid,1990.0,1990
PAY000324,U001526,2026-02-14,paid,1490.0,1490
PAY000325,U001530,2026-02-08,paid,990.0,990
PAY000326,U001533,2026-04-26,paid,3980.0,1990
PAY000327,U001537,2026-02-15,paid,1490.0,1490
PAY000328,U001538,2026-05-22,paid,990.0,990
PAY000329,U001549,2026-03-24,paid,1990.0,1990
PAY000330,U001578,2026-06-29,paid,990.0,990
PAY000331,U001582,2026-06-27,paid,1490.0,1490
PAY000332,U001586,2026-04-22,paid,1990.0,1990
PAY000333,U001587,2026-06-08,paid,2990.0,2990
PAY000334,U001590,2026-02-11,paid,990.0,990
PAY000335,U001591,2026-03-15,paid,1980.0,990
PAY000336,U001592,2026-04-27,paid,1490.0,1490
PAY000337,U001593,2026-01-16,paid,1990.0,1990
PAY000338,U001606,2026-03-30,paid,2990.0,2990
PAY000339,U001607,2026-01-22,paid,990.0,990
PAY000340,U001613,2026-02-09,paid,1990.0,1990
PAY000341,U001623,2026-03-13,paid,1490.0,1490
PAY000342,U001624,2026-01-10,paid,2990.0,2990
PAY000343,U001629,2026-06-06,paid,990.0,990
PAY000344,U001631,2026-04-08,paid,1990.0,1990
PAY000345,U001640,2026-05-27,paid,2990.0,2990
PAY000346,U001646,2026-07-10,paid,990.0,990
PAY000347,U001649,2026-06-25,paid,990.0,990
PAY000348,U001660,2026-05-22,paid,1490.0,1490
PAY000349,U001664,2026-06-02,refunded,1490.0,1490
PAY000350,U001665,2026-06-06,paid,2990.0,2990
PAY000351,U001668,2026-02-07,paid,1990.0,1990
PAY000352,U001670,2026-05-12,paid,1990.0,1990
PAY000353,U001673,2026-06-08,paid,1490.0,1490
PAY000354,U001676,2026-02-10,paid,1490.0,1490
PAY000355,U001685,2026-03-16,paid,1490.0,1490
PAY000356,U001686,2026-03-02,paid,1490.0,1490
PAY000357,U001693,2026-06-23,paid,1990.0,1990
PAY000358,U001695,2026-06-11,paid,1490.0,1490
PAY000359,U001697,2026-04-02,paid,1990.0,1990
PAY000360,U001709,2026-03-10,paid,1490.0,1490
PAY000361,U001712,2026-02-28,paid,990.0,990
PAY000362,U001716,2026-02-12,paid,1490.0,1490
PAY000363,U001721,2026-04-11,paid,990.0,990
PAY000364,U001726,2026-02-28,paid,1490.0,1490
PAY000365,U001729,2026-05-10,paid,990.0,990
PAY000366,U001731,2026-03-01,paid,1490.0,1490
PAY000367,U001732,2026-03-21,paid,1990.0,1990
PAY000368,U001738,2026-06-17,paid,2980.0,1490
PAY000369,U001746,2026-05-16,paid,3980.0,1990
PAY000370,U001748,2026-05-28,paid,990.0,990
PAY000371,U001749,2026-03-06,paid,990.0,990
PAY000372,U001756,2026-05-21,paid,1490.0,1490
PAY000373,U001757,2026-05-03,paid,2990.0,2990
PAY000374,U001758,2026-01-20,paid,990.0,990
PAY000375,U001765,2026-02-17,paid,1490.0,1490
PAY000376,U001768,2026-03-07,paid,1490.0,1490
PAY000377,U001779,2026-06-17,paid,1490.0,1490
PAY000378,U001782,2026-01-31,refunded,990.0,990
PAY000379,U001784,2026-06-04,paid,990.0,990
PAY000380,U001793,2026-02-09,paid,1990.0,1990
PAY000381,U001797,2026-07-10,paid,1990.0,1990
PAY000382,U001809,2026-01-10,paid,990.0,990
PAY000383,U001814,2026-05-09,paid,1490.0,1490
PAY000384,U001818,2026-05-30,paid,1990.0,1990
PAY000385,U001820,2026-04-07,paid,1490.0,1490
PAY000386,U001828,2026-03-09,paid,1490.0,1490
PAY000387,U001829,2026-06-20,paid,1490.0,1490
PAY000388,U001833,2026-04-13,paid,1990.0,1990
PAY000389,U001836,2026-04-07,paid,2980.0,1490
PAY000390,U001843,2026-02-12,paid,1990.0,1990
PAY000391,U001845,2026-06-01,paid,1990.0,1990
PAY000392,U001849,2026-05-11,paid,990.0,990
PAY000393,U001852,2026-05-22,paid,1990.0,1990
PAY000394,U001868,2026-02-06,paid,990.0,990
PAY000395,U001871,2026-02-11,paid,990.0,990
PAY000396,U001873,2026-02-26,paid,990.0,990
PAY000397,U001877,2026-02-23,paid,990.0,990
PAY000398,U001878,2026-05-09,paid,990.0,990
PAY000399,U001893,2026-01-28,refunded,990.0,990
PAY000400,U001901,2026-01-16,paid,990.0,990
PAY000401,U001904,2026-01-30,paid,1990.0,1990
PAY000402,U001910,2026-05-30,paid,990.0,990
PAY000403,U001912,2026-04-21,paid,990.0,990
PAY000404,U001914,2026-02-17,paid,1990.0,1990
PAY000405,U001922,2026-04-04,paid,2980.0,1490
PAY000406,U001944,2026-02-16,refunded,990.0,990
PAY000407,U001947,2026-02-19,paid,1990.0,1990
PAY000408,U001953,2026-03-25,paid,990.0,990
PAY000409,U001954,2026-04-27,refunded,2990.0,2990
PAY000410,U001955,2026-02-20,paid,1990.0,1990
PAY000411,U001959,2026-06-18,paid,990.0,990
PAY000412,U001966,2026-04-21,paid,1490.0,1490
PAY000413,U001967,2026-04-03,paid,1990.0,1990
PAY000414,U001969,2026-01-18,paid,990.0,990
PAY000415,U001970,2026-07-10,paid,1490.0,1490
PAY000416,U001973,2026-07-03,paid,1990.0,1990
PAY000417,U001975,2026-04-19,paid,990.0,990
PAY000418,U001976,2026-04-28,paid,1490.0,1490
PAY000419,U001978,2026-05-06,paid,1490.0,1490
PAY000420,U001980,2026-03-05,paid,1990.0,1990
PAY000421,U001983,2026-02-23,paid,1490.0,1490
PAY000422,U001989,2026-02-22,paid,990.0,990
PAY000423,U001993,2026-03-14,paid,2970.0,990
PAY000424,U001994,2026-02-28,paid,990.0,990
PAY000425,U001996,2026-06-21,paid,1990.0,1990
PAY000426,U001997,2026-03-14,paid,1490.0,1490
PAY000427,U002000,2026-04-07,paid,990.0,990
PAY000428,U002008,2026-06-20,paid,1490.0,1490
PAY000429,U002023,2026-04-26,paid,990.0,990
PAY000430,U002025,2026-03-15,paid,990.0,990
PAY000431,U002031,2026-03-02,paid,1490.0,1490
PAY000432,U002035,2026-07-12,paid,990.0,990
PAY000433,U002038,2026-06-24,paid,1990.0,1990
PAY000434,U002040,2026-02-06,paid,1990.0,1990
PAY000435,U002041,2026-04-28,paid,1490.0,1490
PAY000436,U002047,2026-06-17,paid,8970.0,2990
PAY000437,U002048,2026-04-02,paid,990.0,990
PAY000438,U002050,2026-05-29,paid,990.0,990
PAY000439,U002051,2026-05-16,paid,1490.0,1490
PAY000440,U002053,2026-03-11,paid,990.0,990
PAY000441,U002059,2026-01-21,paid,990.0,990
PAY000442,U002063,2026-06-23,paid,1490.0,1490
PAY000443,U002065,2026-05-11,paid,990.0,990
PAY000444,U002067,2026-06-23,paid,990.0,990
PAY000445,U002075,2026-04-07,paid,990.0,990
PAY000446,U002076,2026-06-28,refunded,990.0,990
PAY000447,U002095,2026-06-15,paid,1490.0,1490
PAY000448,U002096,2026-03-27,paid,990.0,990
PAY000449,U002098,2026-01-20,refunded,1490.0,1490
PAY000450,U002103,2026-06-18,paid,1990.0,1990
PAY000451,U002104,2026-01-10,paid,990.0,990
PAY000452,U002113,2026-05-20,refunded,1990.0,1990
PAY000453,U002124,2026-05-14,paid,1990.0,1990
PAY000454,U002133,2026-05-25,paid,1490.0,1490
PAY000455,U002137,2026-01-19,paid,1990.0,1990
PAY000456,U002138,2026-05-01,paid,1490.0,1490
PAY000457,U002140,2026-05-04,paid,1490.0,1490
PAY000458,U002145,2026-02-01,paid,1490.0,1490
PAY000459,U002146,2026-04-12,paid,990.0,990
PAY000460,U002150,2026-01-20,paid,990.0,990
PAY000461,U002153,2026-06-12,paid,1490.0,1490
PAY000462,U002154,2026-01-29,paid,1490.0,1490
PAY000463,U002161,2026-05-08,paid,1990.0,1990
PAY000464,U002164,2026-05-20,paid,990.0,990
PAY000465,U002166,2026-05-11,paid,1980.0,990
PAY000466,U002170,2026-06-21,paid,990.0,990
PAY000467,U002174,2026-06-07,paid,1490.0,1490
PAY000468,U002179,2026-04-30,paid,1490.0,1490
PAY000469,U002185,2026-06-23,paid,1990.0,1990
PAY000470,U002195,2026-01-23,paid,1990.0,1990
PAY000471,U002199,2026-01-16,paid,1490.0,1490
PAY000472,U002201,2026-06-02,paid,990.0,990
PAY000473,U002203,2026-03-06,paid,990.0,990
PAY000474,U002206,2026-04-14,refunded,1490.0,1490
PAY000475,U002209,2026-03-29,paid,1490.0,1490
PAY000476,U002212,2026-03-16,paid,2980.0,1490
PAY000477,U002219,2026-01-30,paid,990.0,990
PAY000478,U002222,2026-05-06,paid,1490.0,1490
PAY000479,U002227,2026-05-26,paid,1990.0,1990
PAY000480,U002228,2026-07-02,paid,1980.0,990
PAY000481,U002231,2026-04-04,paid,1990.0,1990
PAY000482,U002232,2026-02-07,paid,1490.0,1490
PAY000483,U002233,2026-01-07,refunded,990.0,990
PAY000484,U002234,2026-01-29,paid,990.0,990
PAY000485,U002244,2026-02-25,paid,2990.0,2990
PAY000486,U002252,2026-03-25,paid,1490.0,1490
PAY000487,U002253,2026-03-25,paid,990.0,990
PAY000488,U002259,2026-06-15,paid,990.0,990
PAY000489,U002265,2026-01-17,paid,2990.0,2990
PAY000490,U002267,2026-03-05,paid,1490.0,1490
PAY000491,U002268,2026-03-07,paid,990.0,990
PAY000492,U002276,2026-02-13,paid,2980.0,1490
PAY000493,U002280,2026-06-17,paid,990.0,990
PAY000494,U002287,2026-02-02,paid,1490.0,1490
PAY000495,U002289,2026-04-14,paid,1490.0,1490
PAY000496,U002290,2026-05-08,paid,990.0,990
PAY000497,U002296,2026-03-07,paid,1490.0,1490
PAY000498,U002298,2026-03-05,paid,990.0,990
PAY000499,U002301,2026-03-03,paid,2990.0,2990
PAY000500,U002312,2026-02-03,paid,1490.0,1490
PAY000501,U002315,2026-05-10,paid,990.0,990
PAY000502,U002320,2026-06-07,paid,1490.0,1490
PAY000503,U002335,2026-02-17,paid,1990.0,1990
PAY000504,U002336,2026-04-21,paid,1490.0,1490
PAY000505,U002340,2026-06-02,paid,1980.0,990
PAY000506,U002345,2026-05-06,paid,990.0,990
PAY000507,U002349,2026-01-17,paid,1490.0,1490
PAY000508,U002355,2026-02-10,refunded,990.0,990
PAY000509,U002359,2026-04-12,paid,1490.0,1490
PAY000510,U002360,2026-01-16,refunded,1990.0,1990
PAY000511,U002363,2026-06-21,paid,990.0,990
PAY000512,U002390,2026-05-10,paid,990.0,990
PAY000513,U002392,2026-03-29,paid,1990.0,1990
PAY000514,U002402,2026-05-18,paid,1490.0,1490
PAY000515,U002408,2026-03-10,paid,990.0,990
PAY000516,U002417,2026-03-01,paid,1490.0,1490
PAY000517,U002427,2026-03-10,paid,990.0,990
PAY000518,U002432,2026-05-02,paid,1490.0,1490
PAY000519,U002439,2026-04-18,paid,1490.0,1490
PAY000520,U002448,2026-05-01,paid,990.0,990
PAY000521,U002452,2026-01-30,paid,1990.0,1990
PAY000522,U002453,2026-06-29,paid,1990.0,1990
PAY000523,U002470,2026-05-14,paid,1990.0,1990
PAY000524,U002471,2026-05-04,paid,1990.0,1990
PAY000525,U002473,2026-06-21,paid,990.0,990
PAY000526,U002476,2026-01-20,paid,1980.0,990
PAY000527,U002483,2026-03-11,paid,1980.0,990
PAY000528,U002484,2026-03-27,paid,990.0,990
PAY000529,U002497,2026-01-11,paid,1490.0,1490
PAY000530,U002499,2026-01-22,paid,1990.0,1990
PAY000531,U002501,2026-02-20,paid,990.0,990
PAY000532,U002503,2026-05-22,paid,1990.0,1990
PAY000533,U002505,2026-01-23,paid,1490.0,1490
PAY000534,U002509,2026-01-12,paid,1490.0,1490
PAY000535,U002511,2026-04-07,paid,990.0,990
PAY000536,U002512,2026-02-14,paid,3980.0,1990
PAY000537,U002517,2026-02-10,paid,1990.0,1990
PAY000538,U002524,2026-04-21,paid,7450.0,1490
PAY000539,U002526,2026-01-05,paid,1990.0,1990
PAY000540,U002527,2026-05-15,paid,1490.0,1490
PAY000541,U002530,2026-02-12,paid,3980.0,1990
PAY000542,U002534,2026-02-14,paid,1980.0,990
PAY000543,U002539,2026-02-04,paid,1990.0,1990
PAY000544,U002545,2026-05-10,paid,1490.0,1490
PAY000545,U002555,2026-05-29,paid,990.0,990
PAY000546,U002561,2026-03-22,paid,3980.0,1990
PAY000547,U002562,2026-02-17,paid,3980.0,1990
PAY000548,U002564,2026-01-07,paid,1490.0,1490
PAY000549,U002567,2026-06-23,paid,2990.0,2990
PAY000550,U002574,2026-01-12,refunded,1990.0,1990
PAY000551,U002584,2026-03-24,paid,990.0,990
PAY000552,U002588,2026-01-24,paid,2990.0,2990
PAY000553,U002593,2026-02-15,paid,1490.0,1490
PAY000554,U002596,2026-03-20,paid,1990.0,1990
PAY000555,U002597,2026-05-24,paid,1990.0,1990
PAY000556,U002598,2026-06-20,paid,1490.0,1490
PAY000557,U002599,2026-04-11,paid,1990.0,1990
PAY000558,U002607,2026-02-12,paid,1490.0,1490
PAY000559,U002611,2026-05-04,refunded,990.0,990
PAY000560,U002612,2026-03-08,paid,1990.0,1990
PAY000561,U002614,2026-05-14,paid,1490.0,1490
PAY000562,U002619,2026-03-23,paid,990.0,990
PAY000563,U002630,2026-01-13,refunded,1490.0,1490
PAY000564,U002637,2026-02-16,paid,990.0,990
PAY000565,U002643,2026-05-20,paid,1490.0,1490
PAY000566,U002649,2026-04-20,paid,1490.0,1490
PAY000567,U002651,2026-06-09,paid,1490.0,1490
PAY000568,U002652,2026-01-13,paid,2990.0,2990
PAY000569,U002655,2026-04-27,paid,990.0,990
PAY000570,U002657,2026-02-07,paid,2990.0,2990
PAY000571,U002659,2026-02-19,paid,1490.0,1490
PAY000572,U002660,2026-06-20,paid,1490.0,1490
PAY000573,U002664,2026-06-04,paid,990.0,990
PAY000574,U002667,2026-05-25,paid,1490.0,1490
PAY000575,U002674,2026-06-10,paid,990.0,990
PAY000576,U002679,2026-01-02,paid,990.0,990
PAY000577,U002680,2026-04-28,paid,1990.0,1990
PAY000578,U002691,2026-03-14,paid,1490.0,1490
PAY000579,U002696,2026-01-31,paid,1990.0,1990
PAY000580,U002699,2026-06-25,paid,1990.0,1990
PAY000581,U002700,2026-04-29,paid,3980.0,1990
PAY000582,U002706,2026-04-11,paid,990.0,990
PAY000583,U002707,2026-03-02,paid,2990.0,2990
PAY000584,U002708,2026-02-26,paid,1490.0,1490
PAY000585,U002716,2026-03-02,paid,1990.0,1990
PAY000586,U002718,2026-04-10,paid,990.0,990
PAY000587,U002724,2026-04-04,paid,1490.0,1490
PAY000588,U002730,2026-06-25,paid,3980.0,1990
PAY000589,U002731,2026-03-14,paid,2990.0,2990
PAY000590,U002735,2026-06-22,paid,1490.0,1490
PAY000591,U002736,2026-01-24,paid,1490.0,1490
PAY000592,U002739,2026-03-14,paid,990.0,990
PAY000593,U002741,2026-06-11,paid,1490.0,1490
PAY000594,U002745,2026-01-29,paid,1990.0,1990
PAY000595,U002762,2026-05-11,paid,990.0,990
PAY000596,U002770,2026-06-08,paid,3980.0,1990
PAY000597,U002773,2026-02-14,paid,990.0,990
PAY000598,U002774,2026-06-19,paid,990.0,990
PAY000599,U002775,2026-05-10,paid,1990.0,1990
PAY000600,U002778,2026-02-25,paid,1490.0,1490
PAY000601,U002779,2026-03-04,paid,990.0,990
PAY000602,U002785,2026-01-07,refunded,990.0,990
PAY000603,U002788,2026-06-23,paid,1490.0,1490
PAY000604,U002791,2026-06-16,paid,1490.0,1490
PAY000605,U002792,2026-04-13,paid,1990.0,1990
PAY000606,U002793,2026-01-27,paid,990.0,990
PAY000607,U002799,2026-05-30,paid,990.0,990
PAY000608,U002800,2026-03-07,paid,2980.0,1490
PAY000609,U002802,2026-05-24,paid,990.0,990
PAY000610,U002807,2026-03-02,paid,1990.0,1990
PAY000611,U002809,2026-02-24,refunded,1490.0,1490
PAY000612,U002811,2026-02-28,paid,1490.0,1490
PAY000613,U002813,2026-07-10,paid,1490.0,1490
PAY000614,U002815,2026-04-09,paid,1490.0,1490
PAY000615,U002816,2026-06-04,paid,990.0,990
PAY000616,U002819,2026-07-04,refunded,1990.0,1990
PAY000617,U002820,2026-03-09,paid,1490.0,1490
PAY000618,U002840,2026-05-11,paid,1490.0,1490
PAY000619,U002843,2026-02-25,paid,1490.0,1490
PAY000620,U002847,2026-01-22,paid,2970.0,990
PAY000621,U002848,2026-02-15,paid,1990.0,1990
PAY000622,U002853,2026-07-07,paid,1990.0,1990
PAY000623,U002854,2026-04-14,paid,990.0,990
PAY000624,U002855,2026-01-07,refunded,1490.0,1490
PAY000625,U002859,2026-06-12,paid,1490.0,1490
PAY000626,U002866,2026-03-28,paid,990.0,990
PAY000627,U002869,2026-01-15,paid,1990.0,1990
PAY000628,U002872,2026-02-11,paid,2990.0,2990
PAY000629,U002879,2026-06-07,paid,2980.0,1490
PAY000630,U002888,2026-03-19,paid,2980.0,1490
PAY000631,U002889,2026-03-18,paid,1990.0,1990
PAY000632,U002893,2026-03-16,paid,990.0,990
PAY000633,U002899,2026-06-18,paid,990.0,990
PAY000634,U002907,2026-06-07,refunded,1990.0,1990
PAY000635,U002911,2026-02-10,paid,3980.0,1990
PAY000636,U002918,2026-03-13,paid,990.0,990
PAY000637,U002921,2026-04-05,paid,990.0,990
PAY000638,U002923,2026-05-18,paid,990.0,990
PAY000639,U002934,2026-02-13,paid,990.0,990
PAY000640,U002937,2026-01-13,paid,1990.0,1990
PAY000641,U002938,2026-03-15,paid,1980.0,990
PAY000642,U002941,2026-06-07,paid,2980.0,1490
PAY000643,U002947,2026-01-28,paid,1990.0,1990
PAY000644,U002959,2026-06-21,paid,990.0,990
PAY000645,U002966,2026-06-25,paid,990.0,990
PAY000646,U002971,2026-05-12,paid,2990.0,2990
PAY000647,U002972,2026-01-09,paid,1490.0,1490
PAY000648,U002981,2026-05-27,paid,1990.0,1990
PAY000649,U002986,2026-02-23,paid,1990.0,1990
PAY000650,U002989,2026-01-17,paid,2990.0,2990
PAY000651,U002990,2026-05-09,paid,1990.0,1990
PAY000652,U002993,2026-06-08,paid,990.0,990
PAY000653,U002996,2026-05-27,paid,1490.0,1490
PAY000654,U002998,2026-07-03,paid,1490.0,1490
PAY000655,U003004,2026-05-24,paid,990.0,990
PAY000656,U003019,2026-05-19,paid,1490.0,1490
PAY000657,U003020,2026-02-11,paid,1490.0,1490
PAY000658,U003026,2026-03-21,paid,990.0,990
PAY000659,U003031,2026-02-17,paid,1990.0,1990
PAY000660,U003047,2026-04-01,paid,1490.0,1490
PAY000661,U003053,2026-05-04,paid,1990.0,1990
PAY000662,U003057,2026-06-06,paid,1490.0,1490
PAY000663,U003065,2026-03-14,paid,1990.0,1990
PAY000664,U003066,2026-02-19,paid,1990.0,1990
PAY000665,U003071,2026-03-01,paid,1490.0,1490
PAY000666,U003073,2026-05-14,paid,990.0,990
PAY000667,U003076,2026-07-06,paid,990.0,990
PAY000668,U003082,2026-04-02,paid,2990.0,2990
PAY000669,U003084,2026-05-23,paid,1490.0,1490
PAY000670,U003090,2026-02-09,refunded,990.0,990
PAY000671,U003097,2026-01-16,paid,990.0,990
PAY000672,U003100,2026-02-02,paid,1990.0,1990
PAY000673,U003103,2026-02-23,paid,7960.0,1990
PAY000674,U003106,2026-03-10,paid,1990.0,1990
PAY000675,U003108,2026-06-28,paid,1490.0,1490
PAY000676,U003113,2026-04-20,paid,2990.0,2990
PAY000677,U003114,2026-01-18,paid,1990.0,1990
PAY000678,U003122,2026-04-04,paid,990.0,990
PAY000679,U003140,2026-02-23,paid,990.0,990
PAY000680,U003147,2026-05-22,paid,1990.0,1990
PAY000681,U003154,2026-05-27,paid,1990.0,1990
PAY000682,U003163,2026-04-03,paid,1490.0,1490
PAY000683,U003164,2026-04-02,paid,1980.0,990
PAY000684,U003165,2026-05-24,paid,1990.0,1990
PAY000685,U003172,2026-03-26,paid,5980.0,2990
PAY000686,U003174,2026-05-04,paid,3980.0,1990
PAY000687,U003178,2026-01-19,paid,990.0,990
PAY000688,U003179,2026-05-09,paid,1490.0,1490
PAY000689,U003181,2026-06-24,paid,990.0,990
PAY000690,U003183,2026-03-26,paid,1990.0,1990
PAY000691,U003187,2026-02-24,refunded,1490.0,1490
PAY000692,U003196,2026-03-14,paid,990.0,990
PAY000693,U003201,2026-01-30,paid,1490.0,1490
PAY000694,U003205,2026-06-24,paid,4470.0,1490
PAY000695,U003214,2026-07-02,paid,1990.0,1990
PAY000696,U003220,2026-06-24,paid,990.0,990
PAY000697,U003221,2026-01-06,refunded,1490.0,1490
PAY000698,U003222,2026-04-07,paid,1490.0,1490
PAY000699,U003225,2026-04-22,paid,1980.0,990
PAY000700,U003228,2026-05-15,paid,1490.0,1490
PAY000701,U003229,2026-04-19,paid,990.0,990
PAY000702,U003238,2026-04-09,paid,990.0,990
PAY000703,U003240,2026-03-20,paid,990.0,990
PAY000704,U003245,2026-04-26,paid,1490.0,1490
PAY000705,U003248,2026-02-27,paid,1990.0,1990
PAY000706,U003253,2026-03-12,paid,1490.0,1490
PAY000707,U003256,2026-06-12,paid,2980.0,1490
PAY000708,U003263,2026-07-06,paid,2990.0,2990
PAY000709,U003266,2026-02-23,paid,5960.0,1490
PAY000710,U003269,2026-02-19,paid,2990.0,2990
PAY000711,U003271,2026-04-24,paid,1990.0,1990
PAY000712,U003280,2026-02-05,refunded,990.0,990
PAY000713,U003286,2026-06-10,paid,2980.0,1490
PAY000714,U003290,2026-06-19,paid,990.0,990
PAY000715,U003295,2026-06-12,paid,1980.0,990
PAY000716,U003306,2026-05-25,paid,990.0,990
PAY000717,U003307,2026-03-21,paid,990.0,990
PAY000718,U003314,2026-07-10,paid,1990.0,1990
PAY000719,U003319,2026-05-30,refunded,1990.0,1990
PAY000720,U003323,2026-06-21,paid,990.0,990
PAY000721,U003327,2026-05-04,paid,1490.0,1490
PAY000722,U003333,2026-02-13,paid,1490.0,1490
PAY000723,U003344,2026-02-05,paid,1490.0,1490
PAY000724,U003346,2026-06-20,paid,990.0,990
PAY000725,U003351,2026-06-03,paid,990.0,990
PAY000726,U003352,2026-06-29,paid,1990.0,1990
PAY000727,U003362,2026-03-24,refunded,990.0,990
PAY000728,U003375,2026-02-07,paid,1490.0,1490
PAY000729,U003376,2026-05-24,paid,2990.0,2990
PAY000730,U003377,2026-03-06,paid,990.0,990
PAY000731,U003379,2026-07-03,paid,990.0,990
PAY000732,U003382,2026-02-03,paid,990.0,990
PAY000733,U003386,2026-05-06,paid,990.0,990
PAY000734,U003398,2026-02-11,paid,1490.0,1490
PAY000735,U003402,2026-04-14,paid,1490.0,1490
PAY000736,U003404,2026-05-31,paid,1490.0,1490
PAY000737,U003406,2026-07-11,paid,1490.0,1490
PAY000738,U003407,2026-06-06,paid,990.0,990
PAY000739,U003410,2026-06-02,paid,1490.0,1490
PAY000740,U003413,2026-04-07,paid,1990.0,1990
PAY000741,U003426,2026-03-07,paid,990.0,990
PAY000742,U003427,2026-03-20,paid,1990.0,1990
PAY000743,U003428,2026-05-09,paid,1490.0,1490
PAY000744,U003432,2026-01-30,paid,990.0,990
PAY000745,U003434,2026-01-15,paid,1490.0,1490
PAY000746,U003435,2026-06-10,paid,1990.0,1990
PAY000747,U003441,2026-03-24,paid,1990.0,1990
PAY000748,U003444,2026-06-08,paid,1990.0,1990
PAY000749,U003447,2026-01-15,paid,2990.0,2990
PAY000750,U003453,2026-03-11,paid,1490.0,1490
PAY000751,U003456,2026-05-13,paid,1490.0,1490
PAY000752,U003457,2026-01-16,paid,990.0,990
PAY000753,U003461,2026-05-06,paid,990.0,990
PAY000754,U003464,2026-05-03,paid,1980.0,990
PAY000755,U003467,2026-05-05,paid,2970.0,990
PAY000756,U003470,2026-04-14,paid,1490.0,1490
PAY000757,U003474,2026-01-27,paid,2990.0,2990
PAY000758,U003475,2026-06-10,refunded,990.0,990
PAY000759,U003483,2026-06-23,paid,990.0,990
PAY000760,U003491,2026-05-06,paid,1490.0,1490
PAY000761,U003494,2026-05-24,paid,7960.0,1990
PAY000762,U003498,2026-04-17,paid,1490.0,1490
PAY000763,U003501,2026-02-15,paid,1490.0,1490
PAY000764,U003505,2026-02-12,paid,1490.0,1490
PAY000765,U003515,2026-07-06,paid,1990.0,1990
PAY000766,U003529,2026-01-28,paid,1490.0,1490
PAY000767,U003530,2026-03-01,paid,1490.0,1490
PAY000768,U003531,2026-06-06,paid,1990.0,1990
PAY000769,U003541,2026-04-12,paid,990.0,990
PAY000770,U003544,2026-05-28,paid,1990.0,1990
PAY000771,U003547,2026-06-23,refunded,990.0,990
PAY000772,U003554,2026-02-03,refunded,2990.0,2990
PAY000773,U003559,2026-06-01,paid,1990.0,1990
PAY000774,U003564,2026-05-13,paid,1490.0,1490
PAY000775,U003567,2026-02-07,paid,990.0,990
PAY000776,U003569,2026-01-02,paid,1490.0,1490
PAY000777,U003571,2026-05-15,paid,1990.0,1990
PAY000778,U003573,2026-02-23,paid,1490.0,1490
PAY000779,U003579,2026-03-12,paid,1490.0,1490
PAY000780,U003580,2026-03-28,paid,1990.0,1990
PAY000781,U003583,2026-05-05,paid,2980.0,1490
PAY000782,U003584,2026-01-19,refunded,2990.0,2990
PAY000783,U003587,2026-02-18,paid,990.0,990
PAY000784,U003593,2026-06-19,paid,990.0,990
PAY000785,U003595,2026-04-04,paid,1990.0,1990
PAY000786,U003606,2026-05-12,refunded,990.0,990
PAY000787,U003607,2026-03-02,paid,1490.0,1490
PAY000788,U003608,2026-04-01,paid,1490.0,1490
PAY000789,U003615,2026-03-28,paid,990.0,990
PAY000790,U003616,2026-01-22,paid,990.0,990
PAY000791,U003622,2026-02-09,paid,1490.0,1490
PAY000792,U003625,2026-03-29,paid,1490.0,1490
PAY000793,U003628,2026-07-01,paid,1490.0,1490
PAY000794,U003638,2026-01-08,paid,1990.0,1990
PAY000795,U003641,2026-04-03,paid,990.0,990
PAY000796,U003651,2026-04-16,paid,1990.0,1990
PAY000797,U003656,2026-05-02,paid,1490.0,1490
PAY000798,U003657,2026-01-29,paid,990.0,990
PAY000799,U003662,2026-04-27,paid,2990.0,2990
PAY000800,U003673,2026-03-18,paid,1990.0,1990
PAY000801,U003675,2026-07-08,paid,990.0,990
PAY000802,U003687,2026-02-28,paid,1990.0,1990
PAY000803,U003688,2026-06-18,paid,990.0,990
PAY000804,U003695,2026-01-16,paid,2990.0,2990
PAY000805,U003701,2026-03-23,paid,990.0,990
PAY000806,U003713,2026-01-13,paid,990.0,990
PAY000807,U003714,2026-03-08,paid,1490.0,1490
PAY000808,U003722,2026-06-11,paid,1490.0,1490
PAY000809,U003723,2026-06-05,paid,990.0,990
PAY000810,U003726,2026-01-14,paid,1990.0,1990
PAY000811,U003727,2026-04-05,paid,1490.0,1490
PAY000812,U003734,2026-06-09,paid,2990.0,2990
PAY000813,U003737,2026-06-06,paid,1490.0,1490
PAY000814,U003739,2026-02-08,paid,990.0,990
PAY000815,U003742,2026-03-09,paid,990.0,990
PAY000816,U003744,2026-04-19,refunded,1490.0,1490
PAY000817,U003745,2026-05-15,paid,5980.0,2990
PAY000818,U003747,2026-05-24,paid,2980.0,1490
PAY000819,U003751,2026-06-08,paid,990.0,990
PAY000820,U003755,2026-05-21,paid,990.0,990
PAY000821,U003763,2026-01-29,paid,5970.0,1990
PAY000822,U003766,2026-07-09,paid,1490.0,1490
PAY000823,U003770,2026-03-30,paid,1490.0,1490
PAY000824,U003771,2026-06-03,paid,1980.0,990
PAY000825,U003773,2026-07-03,paid,1490.0,1490
PAY000826,U003777,2026-05-27,paid,1990.0,1990
PAY000827,U003778,2026-02-03,paid,990.0,990
PAY000828,U003787,2026-03-16,paid,1490.0,1490
PAY000829,U003806,2026-05-08,refunded,990.0,990
PAY000830,U003808,2026-05-04,paid,990.0,990
PAY000831,U003810,2026-05-07,paid,990.0,990
PAY000832,U003815,2026-03-02,paid,1490.0,1490
PAY000833,U003826,2026-04-01,paid,1990.0,1990
PAY000834,U003831,2026-05-20,refunded,1490.0,1490
PAY000835,U003834,2026-04-03,paid,990.0,990
PAY000836,U003835,2026-06-20,paid,1990.0,1990
PAY000837,U003845,2026-06-06,refunded,2980.0,1490
PAY000838,U003850,2026-05-17,paid,990.0,990
PAY000839,U003855,2026-04-16,paid,1490.0,1490
PAY000840,U003868,2026-06-22,paid,2990.0,2990
PAY000841,U003869,2026-03-05,paid,1490.0,1490
PAY000842,U003873,2026-02-17,paid,1990.0,1990
PAY000843,U003881,2026-05-13,paid,990.0,990
PAY000844,U003883,2026-05-20,paid,990.0,990
PAY000845,U003887,2026-05-10,paid,1490.0,1490
PAY000846,U003889,2026-02-28,paid,2990.0,2990
PAY000847,U003891,2026-01-19,paid,1980.0,990
PAY000848,U003894,2026-04-11,paid,990.0,990
PAY000849,U003898,2026-03-11,paid,1490.0,1490
PAY000850,U003900,2026-03-04,paid,1490.0,1490
PAY000851,U003913,2026-01-21,paid,2990.0,2990
PAY000852,U003915,2026-04-18,paid,990.0,990
PAY000853,U003916,2026-07-10,paid,1490.0,1490
PAY000854,U003918,2026-02-27,paid,1490.0,1490
PAY000855,U003920,2026-03-27,paid,1490.0,1490
PAY000856,U003921,2026-04-05,paid,1490.0,1490
PAY000857,U003923,2026-03-22,paid,1490.0,1490
PAY000858,U003925,2026-02-07,paid,1490.0,1490
PAY000859,U003926,2026-07-02,paid,1490.0,1490
PAY000860,U003927,2026-04-24,paid,5960.0,1490
PAY000861,U003938,2026-06-19,paid,1490.0,1490
PAY000862,U003949,2026-05-01,paid,990.0,990
PAY000863,U003955,2026-02-08,paid,990.0,990
PAY000864,U003956,2026-06-03,paid,1990.0,1990
PAY000865,U003963,2026-04-10,paid,1490.0,1490
PAY000866,U003967,2026-03-08,paid,1980.0,990
PAY000867,U003979,2026-06-16,paid,2990.0,2990
PAY000868,U003983,2026-04-07,paid,1990.0,1990
PAY000869,U003988,2026-06-15,paid,1490.0,1490
PAY000870,U003994,2026-01-30,paid,990.0,990
PAY000871,U003995,2026-01-19,paid,1490.0,1490
PAY000872,U004000,2026-03-16,paid,990.0,990
PAY000873,U004002,2026-05-02,paid,990.0,990
PAY000874,U004013,2026-02-01,paid,990.0,990
PAY000875,U004015,2026-01-17,paid,1990.0,1990
PAY000876,U004017,2026-04-04,paid,990.0,990
PAY000877,U004020,2026-01-09,paid,1990.0,1990
PAY000878,U004022,2026-05-03,paid,1490.0,1490
PAY000879,U004026,2026-03-31,paid,1990.0,1990
PAY000880,U004028,2026-03-21,paid,1990.0,1990
PAY000881,U004033,2026-05-12,paid,1490.0,1490
PAY000882,U004038,2026-04-28,paid,2990.0,2990
PAY000883,U004040,2026-04-14,paid,1490.0,1490
PAY000884,U004043,2026-05-23,paid,1490.0,1490
PAY000885,U004051,2026-05-05,refunded,1990.0,1990
PAY000886,U004052,2026-03-29,refunded,990.0,990
PAY000887,U004057,2026-06-07,paid,990.0,990
PAY000888,U004064,2026-01-30,paid,990.0,990
PAY000889,U004070,2026-05-31,paid,1980.0,990
PAY000890,U004071,2026-03-06,paid,990.0,990
PAY000891,U004073,2026-04-11,paid,1490.0,1490
PAY000892,U004074,2026-02-05,paid,990.0,990
PAY000893,U004078,2026-04-26,paid,2990.0,2990
PAY000894,U004080,2026-02-14,paid,1490.0,1490
PAY000895,U004082,2026-01-16,paid,990.0,990
PAY000896,U004084,2026-03-29,paid,2990.0,2990
PAY000897,U004086,2026-02-19,paid,1490.0,1490
PAY000898,U004093,2026-05-14,paid,3980.0,1990
PAY000899,U004097,2026-04-19,paid,1990.0,1990
PAY000900,U004103,2026-05-14,paid,990.0,990
PAY000901,U004104,2026-01-01,paid,990.0,990
PAY000902,U004106,2026-02-05,paid,1490.0,1490
PAY000903,U004109,2026-05-07,paid,1990.0,1990
PAY000904,U004110,2026-01-24,paid,990.0,990
PAY000905,U004118,2026-06-16,paid,990.0,990
PAY000906,U004119,2026-03-27,paid,2990.0,2990
PAY000907,U004127,2026-06-13,paid,1490.0,1490
PAY000908,U004131,2026-01-21,paid,1490.0,1490
PAY000909,U004133,2026-06-06,paid,1990.0,1990
PAY000910,U004135,2026-03-16,paid,1990.0,1990
PAY000911,U004136,2026-04-30,paid,1990.0,1990
PAY000912,U004137,2026-04-26,paid,990.0,990
PAY000913,U004143,2026-01-27,paid,990.0,990
PAY000914,U004149,2026-06-13,refunded,1490.0,1490
PAY000915,U004153,2026-03-08,paid,2990.0,2990
PAY000916,U004154,2026-05-27,paid,1490.0,1490
PAY000917,U004159,2026-04-25,paid,990.0,990
PAY000918,U004160,2026-04-01,refunded,1990.0,1990
PAY000919,U004164,2026-03-14,paid,1490.0,1490
PAY000920,U004166,2026-04-17,paid,1980.0,990
PAY000921,U004179,2026-04-06,paid,990.0,990
PAY000922,U004193,2026-03-05,paid,1990.0,1990
PAY000923,U004195,2026-03-18,paid,990.0,990
PAY000924,U004196,2026-06-10,paid,990.0,990
PAY000925,U004206,2026-05-25,paid,1490.0,1490
PAY000926,U004211,2026-02-23,paid,990.0,990
PAY000927,U004212,2026-04-10,paid,990.0,990
PAY000928,U004215,2026-01-08,paid,1490.0,1490
PAY000929,U004216,2026-03-18,paid,2990.0,2990
PAY000930,U004220,2026-03-01,paid,2990.0,2990
PAY000931,U004221,2026-04-30,paid,1490.0,1490
PAY000932,U004229,2026-03-28,paid,990.0,990
PAY000933,U004230,2026-04-11,paid,990.0,990
PAY000934,U004234,2026-01-14,paid,1490.0,1490
PAY000935,U004236,2026-03-10,paid,990.0,990
PAY000936,U004237,2026-03-14,paid,1490.0,1490
PAY000937,U004239,2026-06-24,paid,1990.0,1990
PAY000938,U004241,2026-03-16,paid,1490.0,1490
PAY000939,U004243,2026-02-13,paid,2980.0,1490
PAY000940,U004244,2026-04-13,paid,1490.0,1490
PAY000941,U004253,2026-01-26,paid,990.0,990
PAY000942,U004258,2026-03-19,paid,990.0,990
PAY000943,U004262,2026-02-18,paid,1490.0,1490
PAY000944,U004267,2026-01-23,paid,990.0,990
PAY000945,U004282,2026-05-12,paid,1490.0,1490
PAY000946,U004283,2026-01-27,paid,990.0,990
PAY000947,U004289,2026-05-01,paid,1990.0,1990
PAY000948,U004290,2026-04-18,paid,1490.0,1490
PAY000949,U004295,2026-03-26,paid,1990.0,1990
PAY000950,U004301,2026-02-25,paid,1990.0,1990
PAY000951,U004303,2026-06-23,paid,1490.0,1490
PAY000952,U004306,2026-04-20,paid,1990.0,1990
PAY000953,U004309,2026-02-07,paid,2990.0,2990
PAY000954,U004313,2026-06-30,paid,990.0,990
PAY000955,U004315,2026-05-08,paid,1990.0,1990
PAY000956,U004316,2026-06-24,paid,990.0,990
PAY000957,U004318,2026-03-13,paid,1490.0,1490
PAY000958,U004321,2026-04-15,paid,1490.0,1490
PAY000959,U004323,2026-03-19,paid,990.0,990
PAY000960,U004324,2026-05-30,paid,1490.0,1490
PAY000961,U004326,2026-02-27,paid,1490.0,1490
PAY000962,U004332,2026-05-08,paid,1490.0,1490
PAY000963,U004339,2026-06-21,paid,990.0,990
PAY000964,U004344,2026-02-02,paid,2990.0,2990
PAY000965,U004346,2026-06-15,paid,1990.0,1990
PAY000966,U004352,2026-02-18,paid,1490.0,1490
PAY000967,U004353,2026-06-05,paid,1990.0,1990
PAY000968,U004359,2026-01-31,paid,1490.0,1490
PAY000969,U004373,2026-01-10,paid,1990.0,1990
PAY000970,U004375,2026-05-12,paid,1990.0,1990
PAY000971,U004377,2026-06-22,paid,1490.0,1490
PAY000972,U004378,2026-01-29,paid,1990.0,1990
PAY000973,U004389,2026-06-16,paid,2990.0,2990
PAY000974,U004391,2026-05-05,paid,990.0,990
PAY000975,U004401,2026-06-09,paid,990.0,990
PAY000976,U004404,2026-04-05,paid,990.0,990
PAY000977,U004411,2026-03-12,paid,990.0,990
PAY000978,U004413,2026-02-11,paid,990.0,990
PAY000979,U004414,2026-03-09,paid,1490.0,1490
PAY000980,U004416,2026-03-08,paid,990.0,990
PAY000981,U004419,2026-05-18,paid,990.0,990
PAY000982,U004423,2026-03-22,paid,1490.0,1490
PAY000983,U004443,2026-07-01,paid,990.0,990
PAY000984,U004448,2026-06-01,paid,990.0,990
PAY000985,U004450,2026-03-27,paid,1490.0,1490
PAY000986,U004461,2026-05-27,paid,1490.0,1490
PAY000987,U004463,2026-05-11,paid,990.0,990
PAY000988,U004467,2026-06-26,paid,1990.0,1990
PAY000989,U004469,2026-03-12,paid,990.0,990
PAY000990,U004473,2026-01-14,paid,990.0,990
PAY000991,U004479,2026-05-29,paid,1490.0,1490
PAY000992,U004481,2026-04-24,paid,990.0,990
PAY000993,U004482,2026-04-21,paid,1490.0,1490
PAY000994,U004483,2026-04-28,paid,990.0,990
PAY000995,U004495,2026-03-26,paid,1490.0,1490
PAY000996,U004497,2026-05-23,paid,990.0,990
PAY000997,U004502,2026-06-25,paid,1990.0,1990
PAY000998,U004509,2026-03-01,paid,1490.0,1490
PAY000999,U004510,2026-05-11,refunded,990.0,990
PAY001000,U004511,2026-03-24,paid,2990.0,2990
PAY001001,U004514,2026-05-13,paid,990.0,990
PAY001002,U004521,2026-01-22,paid,1990.0,1990
PAY001003,U004522,2026-05-25,paid,2990.0,2990
PAY001004,U004526,2026-02-27,paid,990.0,990
PAY001005,U004529,2026-05-06,paid,990.0,990
PAY001006,U004530,2026-05-24,paid,1990.0,1990
PAY001007,U004531,2026-06-04,paid,990.0,990
PAY001008,U004535,2026-06-05,paid,1490.0,1490
PAY001009,U004540,2026-02-09,paid,1990.0,1990
PAY001010,U004541,2026-05-08,paid,1490.0,1490
PAY001011,U004544,2026-03-19,paid,990.0,990
PAY001012,U004545,2026-04-05,refunded,990.0,990
PAY001013,U004546,2026-03-30,paid,1490.0,1490
PAY001014,U004550,2026-02-25,refunded,990.0,990
PAY001015,U004552,2026-06-09,paid,1490.0,1490
PAY001016,U004558,2026-03-29,paid,2990.0,2990
PAY001017,U004559,2026-05-25,paid,1490.0,1490
PAY001018,U004561,2026-01-04,paid,2990.0,2990
PAY001019,U004575,2026-06-19,paid,1490.0,1490
PAY001020,U004588,2026-01-04,paid,1490.0,1490
PAY001021,U004599,2026-06-11,paid,1490.0,1490
PAY001022,U004607,2026-01-11,paid,1490.0,1490
PAY001023,U004608,2026-04-22,paid,1490.0,1490
PAY001024,U004609,2026-02-09,paid,990.0,990
PAY001025,U004611,2026-06-06,paid,1490.0,1490
PAY001026,U004612,2026-01-22,paid,1990.0,1990
PAY001027,U004616,2026-04-03,paid,1490.0,1490
PAY001028,U004617,2026-05-12,paid,990.0,990
PAY001029,U004618,2026-03-11,paid,1980.0,990
PAY001030,U004622,2026-02-12,paid,1490.0,1490
PAY001031,U004627,2026-06-13,paid,1490.0,1490
PAY001032,U004629,2026-02-05,refunded,1490.0,1490
PAY001033,U004630,2026-05-27,paid,1490.0,1490
PAY001034,U004638,2026-03-15,paid,1490.0,1490
PAY001035,U004640,2026-05-18,paid,1990.0,1990
PAY001036,U004643,2026-02-17,paid,1990.0,1990
PAY001037,U004645,2026-01-22,paid,990.0,990
PAY001038,U004646,2026-02-13,paid,1990.0,1990
PAY001039,U004651,2026-04-30,paid,1490.0,1490
PAY001040,U004659,2026-04-19,paid,990.0,990
PAY001041,U004662,2026-06-25,paid,1490.0,1490
PAY001042,U004678,2026-03-15,paid,1490.0,1490
PAY001043,U004679,2026-06-04,paid,990.0,990
PAY001044,U004687,2026-06-23,paid,2990.0,2990
PAY001045,U004695,2026-01-13,paid,990.0,990
PAY001046,U004699,2026-04-26,paid,1490.0,1490
PAY001047,U004704,2026-07-06,paid,1990.0,1990
PAY001048,U004707,2026-04-23,paid,990.0,990
PAY001049,U004711,2026-03-22,paid,2990.0,2990
PAY001050,U004723,2026-01-15,paid,2990.0,2990
PAY001051,U004726,2026-02-25,paid,1490.0,1490
PAY001052,U004728,2026-04-04,paid,990.0,990
PAY001053,U004729,2026-05-05,paid,990.0,990
PAY001054,U004732,2026-01-22,paid,1490.0,1490
PAY001055,U004738,2026-06-19,paid,990.0,990
PAY001056,U004741,2026-04-24,paid,1990.0,1990
PAY001057,U004742,2026-05-07,paid,1490.0,1490
PAY001058,U004744,2026-01-17,paid,1490.0,1490
PAY001059,U004745,2026-04-03,paid,29900.0,2990
PAY001060,U004755,2026-04-26,paid,990.0,990
PAY001061,U004760,2026-05-30,paid,1490.0,1490
PAY001062,U004767,2026-03-18,paid,1490.0,1490
PAY001063,U004771,2026-02-17,paid,2990.0,2990
PAY001064,U004782,2026-04-24,paid,1490.0,1490
PAY001065,U004783,2026-05-13,paid,1490.0,1490
PAY001066,U004784,2026-05-04,paid,1980.0,990
PAY001067,U004785,2026-03-03,paid,1490.0,1490
PAY001068,U004790,2026-05-17,refunded,990.0,990
PAY001069,U004797,2026-05-19,paid,1990.0,1990
PAY001070,U004798,2026-01-07,paid,1990.0,1990
PAY001071,U004804,2026-04-08,paid,990.0,990
PAY001072,U004808,2026-04-07,paid,1990.0,1990
PAY001073,U004811,2026-06-14,paid,2980.0,1490
PAY001074,U004814,2026-05-02,paid,1490.0,1490
PAY001075,U004816,2026-02-06,paid,990.0,990
PAY001076,U004822,2026-05-13,paid,990.0,990
PAY001077,U004826,2026-06-13,paid,990.0,990
PAY001078,U004830,2026-06-27,paid,990.0,990
PAY001079,U004832,2026-05-03,paid,990.0,990
PAY001080,U004844,2026-03-29,paid,1990.0,1990
PAY001081,U004847,2026-03-04,paid,1490.0,1490
PAY001082,U004861,2026-03-20,paid,1990.0,1990
PAY001083,U004869,2026-02-02,paid,1990.0,1990
PAY001084,U004870,2026-02-24,paid,990.0,990
PAY001085,U004871,2026-03-31,refunded,1990.0,1990
PAY001086,U004875,2026-03-28,paid,990.0,990
PAY001087,U004879,2026-04-05,paid,990.0,990
PAY001088,U004884,2026-07-07,paid,1490.0,1490
PAY001089,U004886,2026-05-17,paid,990.0,990
PAY001090,U004896,2026-04-27,paid,1990.0,1990
PAY001091,U004911,2026-06-24,paid,2990.0,2990
PAY001092,U004915,2026-03-26,paid,1990.0,1990
PAY001093,U004917,2026-06-30,paid,1990.0,1990
PAY001094,U004923,2026-03-04,refunded,2980.0,1490
PAY001095,U004926,2026-05-01,paid,1990.0,1990
PAY001096,U004931,2026-05-18,paid,1490.0,1490
PAY001097,U004933,2026-02-13,paid,1490.0,1490
PAY001098,U004934,2026-01-23,paid,2990.0,2990
PAY001099,U004940,2026-01-23,paid,1980.0,990
PAY001100,U004941,2026-05-10,paid,2990.0,2990
PAY001101,U004947,2026-06-20,paid,2990.0,2990
PAY001102,U004948,2026-04-30,paid,1490.0,1490
PAY001103,U004950,2026-04-22,paid,990.0,990
PAY001104,U004952,2026-01-17,paid,1490.0,1490
PAY001105,U004953,2026-02-23,paid,990.0,990
PAY001106,U004963,2026-06-17,paid,990.0,990
PAY001107,U004968,2026-02-13,paid,990.0,990
PAY001108,U004969,2026-04-10,paid,990.0,990
PAY001109,U004973,2026-03-14,paid,2980.0,1490
PAY001110,U004976,2026-05-11,paid,1990.0,1990
PAY001111,U004979,2026-01-15,paid,1990.0,1990
PAY001112,U004980,2026-01-06,paid,990.0,990
PAY001113,U004986,2026-06-29,paid,2990.0,2990
PAY001114,U004989,2026-04-29,refunded,2980.0,1490
PAY001115,U004991,2026-05-21,paid,990.0,990
PAY001116,U005001,2026-04-29,paid,990.0,990
PAY001117,U005002,2026-07-07,paid,990.0,990
PAY001118,U005004,2026-01-27,paid,1490.0,1490
PAY001119,U005009,2026-01-26,paid,990.0,990
PAY001120,U005014,2026-06-03,paid,1490.0,1490
PAY001121,U005016,2026-05-13,paid,990.0,990
PAY001122,U005017,2026-06-09,paid,1490.0,1490
PAY001123,U005023,2026-02-06,paid,1490.0,1490
PAY001124,U005024,2026-06-02,paid,1490.0,1490
PAY001125,U005038,2026-02-14,paid,990.0,990
PAY001126,U005039,2026-01-09,paid,1490.0,1490
PAY001127,U005041,2026-06-10,paid,1490.0,1490
PAY001128,U005057,2026-01-31,paid,990.0,990
PAY001129,U005059,2026-04-14,paid,990.0,990
PAY001130,U005061,2026-05-01,paid,1490.0,1490
PAY001131,U005062,2026-03-09,paid,2990.0,2990
PAY001132,U005066,2026-02-09,paid,1990.0,1990
PAY001133,U005068,2026-04-11,paid,1990.0,1990
PAY001134,U005070,2026-02-23,paid,990.0,990
PAY001135,U005072,2026-04-09,paid,990.0,990
PAY001136,U005073,2026-03-29,paid,2980.0,1490
PAY001137,U005075,2026-01-07,paid,1490.0,1490
PAY001138,U005078,2026-06-10,paid,2990.0,2990
PAY001139,U005088,2026-05-24,paid,990.0,990
PAY001140,U005102,2026-01-13,paid,1990.0,1990
PAY001141,U005104,2026-05-13,paid,1980.0,990
PAY001142,U005111,2026-04-01,paid,1990.0,1990
PAY001143,U005113,2026-02-16,paid,1990.0,1990
PAY001144,U005115,2026-05-24,paid,1990.0,1990
PAY001145,U005121,2026-01-20,paid,990.0,990
PAY001146,U005122,2026-03-12,refunded,990.0,990
PAY001147,U005133,2026-06-19,paid,1990.0,1990
PAY001148,U005142,2026-01-14,refunded,1490.0,1490
PAY001149,U005145,2026-05-08,paid,1490.0,1490
PAY001150,U005158,2026-03-05,paid,990.0,990
PAY001151,U005161,2026-05-11,paid,2990.0,2990
PAY001152,U005163,2026-02-15,paid,1490.0,1490
PAY001153,U005172,2026-06-13,paid,990.0,990
PAY001154,U005176,2026-03-12,paid,2990.0,2990
PAY001155,U005177,2026-01-20,paid,1990.0,1990
PAY001156,U005178,2026-05-28,paid,990.0,990
PAY001157,U005184,2026-02-06,paid,1490.0,1490
PAY001158,U005185,2026-04-24,paid,2990.0,2990
PAY001159,U005190,2026-05-28,paid,1490.0,1490
PAY001160,U005193,2026-02-28,paid,990.0,990
PAY001161,U005194,2026-03-24,paid,990.0,990
PAY001162,U005196,2026-05-06,paid,990.0,990
PAY001163,U005197,2026-06-15,paid,1490.0,1490
FAIL000001,U000008,2026-03-05,failed,0.0,0
FAIL000002,U000016,2026-01-31,failed,0.0,0
FAIL000003,U000039,2026-06-08,failed,0.0,0
FAIL000004,U000042,2026-05-16,failed,0.0,0
FAIL000005,U000067,2026-04-08,failed,0.0,0
FAIL000006,U000088,2026-04-18,failed,0.0,0
FAIL000007,U000102,2026-05-29,failed,0.0,0
FAIL000008,U000140,2026-06-19,failed,0.0,0
FAIL000009,U000167,2026-04-16,failed,0.0,0
FAIL000010,U000175,2026-03-26,failed,0.0,0
FAIL000011,U000177,2026-03-26,failed,0.0,0
FAIL000012,U000189,2026-06-19,failed,0.0,0
FAIL000013,U000190,2026-03-22,failed,0.0,0
FAIL000014,U000220,2026-07-08,failed,0.0,0
FAIL000015,U000225,2026-07-08,failed,0.0,0
FAIL000016,U000254,2026-05-30,failed,0.0,0
FAIL000017,U000257,2026-04-03,failed,0.0,0
FAIL000018,U000268,2026-06-30,failed,0.0,0
FAIL000019,U000290,2026-07-07,failed,0.0,0
FAIL000020,U000308,2026-03-24,failed,0.0,0
FAIL000021,U000313,2026-05-06,failed,0.0,0
FAIL000022,U000332,2026-05-15,failed,0.0,0
FAIL000023,U000350,2026-03-11,failed,0.0,0
FAIL000024,U000366,2026-07-02,failed,0.0,0
FAIL000025,U000380,2026-02-03,failed,0.0,0
FAIL000026,U000397,2026-05-29,failed,0.0,0
FAIL000027,U000427,2026-03-08,failed,0.0,0
FAIL000028,U000457,2026-06-24,failed,0.0,0
FAIL000029,U000460,2026-03-17,failed,0.0,0
FAIL000030,U000493,2026-03-28,failed,0.0,0
FAIL000031,U000495,2026-03-13,failed,0.0,0
FAIL000032,U000501,2026-01-31,failed,0.0,0
FAIL000033,U000515,2026-02-22,failed,0.0,0
FAIL000034,U000525,2026-05-05,failed,0.0,0
FAIL000035,U000535,2026-07-05,failed,0.0,0
FAIL000036,U000585,2026-03-02,failed,0.0,0
FAIL000037,U000599,2026-03-03,failed,0.0,0
FAIL000038,U000655,2026-02-09,failed,0.0,0
FAIL000039,U000671,2026-05-23,failed,0.0,0
FAIL000040,U000689,2026-06-16,failed,0.0,0
FAIL000041,U000715,2026-02-08,failed,0.0,0
FAIL000042,U000729,2026-04-19,failed,0.0,0
FAIL000043,U000734,2026-07-03,failed,0.0,0
FAIL000044,U000754,2026-04-09,failed,0.0,0
FAIL000045,U000760,2026-05-13,failed,0.0,0
FAIL000046,U000772,2026-03-13,failed,0.0,0
FAIL000047,U000782,2026-02-27,failed,0.0,0
FAIL000048,U000787,2026-05-19,failed,0.0,0
FAIL000049,U000854,2026-05-02,failed,0.0,0
FAIL000050,U000893,2026-07-04,failed,0.0,0
FAIL000051,U000942,2026-03-02,failed,0.0,0
FAIL000052,U000979,2026-07-02,failed,0.0,0
FAIL000053,U001006,2026-07-01,failed,0.0,0
FAIL000054,U001007,2026-03-06,failed,0.0,0
FAIL000055,U001029,2026-05-08,failed,0.0,0
FAIL000056,U001032,2026-05-17,failed,0.0,0
FAIL000057,U001076,2026-03-20,failed,0.0,0
FAIL000058,U001077,2026-04-03,failed,0.0,0
FAIL000059,U001089,2026-03-08,failed,0.0,0
FAIL000060,U001113,2026-02-07,failed,0.0,0
FAIL000061,U001120,2026-06-26,failed,0.0,0
FAIL000062,U001128,2026-05-24,failed,0.0,0
FAIL000063,U001130,2026-04-19,failed,0.0,0
FAIL000064,U001149,2026-02-23,failed,0.0,0
FAIL000065,U001150,2026-05-08,failed,0.0,0
FAIL000066,U001167,2026-02-19,failed,0.0,0
FAIL000067,U001174,2026-04-11,failed,0.0,0
FAIL000068,U001179,2026-02-06,failed,0.0,0
FAIL000069,U001211,2026-05-24,failed,0.0,0
FAIL000070,U001220,2026-05-02,failed,0.0,0
FAIL000071,U001248,2026-01-11,failed,0.0,0
FAIL000072,U001265,2026-04-19,failed,0.0,0
FAIL000073,U001266,2026-02-21,failed,0.0,0
FAIL000074,U001285,2026-04-23,failed,0.0,0
FAIL000075,U001302,2026-04-20,failed,0.0,0
FAIL000076,U001305,2026-05-19,failed,0.0,0
FAIL000077,U001317,2026-03-19,failed,0.0,0
FAIL000078,U001322,2026-05-13,failed,0.0,0
FAIL000079,U001323,2026-04-02,failed,0.0,0
FAIL000080,U001324,2026-05-23,failed,0.0,0
FAIL000081,U001327,2026-06-02,failed,0.0,0
FAIL000082,U001345,2026-04-01,failed,0.0,0
FAIL000083,U001389,2026-02-23,failed,0.0,0
FAIL000084,U001408,2026-05-29,failed,0.0,0
FAIL000085,U001413,2026-06-12,failed,0.0,0
FAIL000086,U001439,2026-01-14,failed,0.0,0
FAIL000087,U001501,2026-06-08,failed,0.0,0
FAIL000088,U001516,2026-03-05,failed,0.0,0
FAIL000089,U001519,2026-01-11,failed,0.0,0
FAIL000090,U001535,2026-04-16,failed,0.0,0
FAIL000091,U001540,2026-02-10,failed,0.0,0
FAIL000092,U001543,2026-04-23,failed,0.0,0
FAIL000093,U001545,2026-05-05,failed,0.0,0
FAIL000094,U001567,2026-02-26,failed,0.0,0
FAIL000095,U001568,2026-06-07,failed,0.0,0
FAIL000096,U001594,2026-04-29,failed,0.0,0
FAIL000097,U001621,2026-04-22,failed,0.0,0
FAIL000098,U001631,2026-04-05,failed,0.0,0
FAIL000099,U001666,2026-07-06,failed,0.0,0
FAIL000100,U001705,2026-02-26,failed,0.0,0
FAIL000101,U001712,2026-02-27,failed,0.0,0
FAIL000102,U001731,2026-03-02,failed,0.0,0
FAIL000103,U001738,2026-06-15,failed,0.0,0
FAIL000104,U001748,2026-05-29,failed,0.0,0
FAIL000105,U001780,2026-02-25,failed,0.0,0
FAIL000106,U001817,2026-01-09,failed,0.0,0
FAIL000107,U001819,2026-02-27,failed,0.0,0
FAIL000108,U001822,2026-01-27,failed,0.0,0
FAIL000109,U001838,2026-05-21,failed,0.0,0
FAIL000110,U001857,2026-01-23,failed,0.0,0
FAIL000111,U001895,2026-02-22,failed,0.0,0
FAIL000112,U001915,2026-03-12,failed,0.0,0
FAIL000113,U001918,2026-05-12,failed,0.0,0
FAIL000114,U001952,2026-05-15,failed,0.0,0
FAIL000115,U001958,2026-02-12,failed,0.0,0
FAIL000116,U001976,2026-04-20,failed,0.0,0
FAIL000117,U002008,2026-06-20,failed,0.0,0
FAIL000118,U002013,2026-06-04,failed,0.0,0
FAIL000119,U002018,2026-05-22,failed,0.0,0
FAIL000120,U002042,2026-03-01,failed,0.0,0
FAIL000121,U002099,2026-04-27,failed,0.0,0
FAIL000122,U002128,2026-01-28,failed,0.0,0
FAIL000123,U002137,2026-01-16,failed,0.0,0
FAIL000124,U002156,2026-02-26,failed,0.0,0
FAIL000125,U002170,2026-06-18,failed,0.0,0
FAIL000126,U002176,2026-03-03,failed,0.0,0
FAIL000127,U002185,2026-07-04,failed,0.0,0
FAIL000128,U002216,2026-05-17,failed,0.0,0
FAIL000129,U002236,2026-01-30,failed,0.0,0
FAIL000130,U002249,2026-04-30,failed,0.0,0
FAIL000131,U002257,2026-06-11,failed,0.0,0
FAIL000132,U002258,2026-05-02,failed,0.0,0
FAIL000133,U002261,2026-03-14,failed,0.0,0
FAIL000134,U002269,2026-06-01,failed,0.0,0
FAIL000135,U002281,2026-05-27,failed,0.0,0
FAIL000136,U002294,2026-04-08,failed,0.0,0
FAIL000137,U002308,2026-04-20,failed,0.0,0
FAIL000138,U002316,2026-02-08,failed,0.0,0
FAIL000139,U002401,2026-02-10,failed,0.0,0
FAIL000140,U002429,2026-03-07,failed,0.0,0
FAIL000141,U002437,2026-05-11,failed,0.0,0
FAIL000142,U002443,2026-04-15,failed,0.0,0
FAIL000143,U002452,2026-02-01,failed,0.0,0
FAIL000144,U002461,2026-05-05,failed,0.0,0
FAIL000145,U002498,2026-05-31,failed,0.0,0
FAIL000146,U002500,2026-07-13,failed,0.0,0
FAIL000147,U002520,2026-01-18,failed,0.0,0
FAIL000148,U002547,2026-03-18,failed,0.0,0
FAIL000149,U002558,2026-04-03,failed,0.0,0
FAIL000150,U002581,2026-06-09,failed,0.0,0
FAIL000151,U002590,2026-03-04,failed,0.0,0
FAIL000152,U002607,2026-02-21,failed,0.0,0
FAIL000153,U002612,2026-03-06,failed,0.0,0
FAIL000154,U002688,2026-02-24,failed,0.0,0
FAIL000155,U002692,2026-02-19,failed,0.0,0
FAIL000156,U002706,2026-04-07,failed,0.0,0
FAIL000157,U002713,2026-01-21,failed,0.0,0
FAIL000158,U002721,2026-05-28,failed,0.0,0
FAIL000159,U002758,2026-05-08,failed,0.0,0
FAIL000160,U002817,2026-03-22,failed,0.0,0
FAIL000161,U002818,2026-06-28,failed,0.0,0
FAIL000162,U002847,2026-01-28,failed,0.0,0
FAIL000163,U002858,2026-02-19,failed,0.0,0
FAIL000164,U002867,2026-03-11,failed,0.0,0
FAIL000165,U002878,2026-05-03,failed,0.0,0
FAIL000166,U002910,2026-01-21,failed,0.0,0
FAIL000167,U002917,2026-05-10,failed,0.0,0
FAIL000168,U002918,2026-03-17,failed,0.0,0
FAIL000169,U002925,2026-03-26,failed,0.0,0
FAIL000170,U002974,2026-01-28,failed,0.0,0
FAIL000171,U002978,2026-05-21,failed,0.0,0
FAIL000172,U002982,2026-03-21,failed,0.0,0
FAIL000173,U003005,2026-01-18,failed,0.0,0
FAIL000174,U003010,2026-06-30,failed,0.0,0
FAIL000175,U003023,2026-05-21,failed,0.0,0
FAIL000176,U003090,2026-02-07,failed,0.0,0
FAIL000177,U003119,2026-02-02,failed,0.0,0
FAIL000178,U003124,2026-06-14,failed,0.0,0
FAIL000179,U003148,2026-03-22,failed,0.0,0
FAIL000180,U003176,2026-06-24,failed,0.0,0
FAIL000181,U003311,2026-06-02,failed,0.0,0
FAIL000182,U003312,2026-06-18,failed,0.0,0
FAIL000183,U003346,2026-06-28,failed,0.0,0
FAIL000184,U003350,2026-06-27,failed,0.0,0
FAIL000185,U003374,2026-06-17,failed,0.0,0
FAIL000186,U003384,2026-02-26,failed,0.0,0
FAIL000187,U003404,2026-06-08,failed,0.0,0
FAIL000188,U003473,2026-04-25,failed,0.0,0
FAIL000189,U003474,2026-01-25,failed,0.0,0
FAIL000190,U003483,2026-06-18,failed,0.0,0
FAIL000191,U003500,2026-05-07,failed,0.0,0
FAIL000192,U003508,2026-03-13,failed,0.0,0
FAIL000193,U003541,2026-04-06,failed,0.0,0
FAIL000194,U003542,2026-03-31,failed,0.0,0
FAIL000195,U003569,2026-01-14,failed,0.0,0
FAIL000196,U003620,2026-06-22,failed,0.0,0
FAIL000197,U003684,2026-01-22,failed,0.0,0
FAIL000198,U003704,2026-06-28,failed,0.0,0
FAIL000199,U003705,2026-05-18,failed,0.0,0
FAIL000200,U003713,2026-01-13,failed,0.0,0
FAIL000201,U003714,2026-03-21,failed,0.0,0
FAIL000202,U003731,2026-01-06,failed,0.0,0
FAIL000203,U003767,2026-03-27,failed,0.0,0
FAIL000204,U003777,2026-06-02,failed,0.0,0
FAIL000205,U003846,2026-05-24,failed,0.0,0
FAIL000206,U003889,2026-02-28,failed,0.0,0
FAIL000207,U003902,2026-02-09,failed,0.0,0
FAIL000208,U003907,2026-04-20,failed,0.0,0
FAIL000209,U003953,2026-04-30,failed,0.0,0
FAIL000210,U004012,2026-02-11,failed,0.0,0
FAIL000211,U004027,2026-07-06,failed,0.0,0
FAIL000212,U004039,2026-01-31,failed,0.0,0
FAIL000213,U004046,2026-05-17,failed,0.0,0
FAIL000214,U004048,2026-02-20,failed,0.0,0
FAIL000215,U004050,2026-04-03,failed,0.0,0
FAIL000216,U004067,2026-04-22,failed,0.0,0
FAIL000217,U004077,2026-04-19,failed,0.0,0
FAIL000218,U004126,2026-01-28,failed,0.0,0
FAIL000219,U004135,2026-03-17,failed,0.0,0
FAIL000220,U004192,2026-05-13,failed,0.0,0
FAIL000221,U004205,2026-04-29,failed,0.0,0
FAIL000222,U004266,2026-04-22,failed,0.0,0
FAIL000223,U004289,2026-04-19,failed,0.0,0
FAIL000224,U004344,2026-01-23,failed,0.0,0
FAIL000225,U004350,2026-03-04,failed,0.0,0
FAIL000226,U004377,2026-06-20,failed,0.0,0
FAIL000227,U004378,2026-01-20,failed,0.0,0
FAIL000228,U004399,2026-04-22,failed,0.0,0
FAIL000229,U004421,2026-06-16,failed,0.0,0
FAIL000230,U004458,2026-03-22,failed,0.0,0
FAIL000231,U004478,2026-03-28,failed,0.0,0
FAIL000232,U004485,2026-07-05,failed,0.0,0
FAIL000233,U004552,2026-06-23,failed,0.0,0
FAIL000234,U004562,2026-04-26,failed,0.0,0
FAIL000235,U004577,2026-03-17,failed,0.0,0
FAIL000236,U004579,2026-05-29,failed,0.0,0
FAIL000237,U004585,2026-03-24,failed,0.0,0
FAIL000238,U004594,2026-02-21,failed,0.0,0
FAIL000239,U004596,2026-04-13,failed,0.0,0
FAIL000240,U004602,2026-05-23,failed,0.0,0
FAIL000241,U004626,2026-05-04,failed,0.0,0
FAIL000242,U004636,2026-01-31,failed,0.0,0
FAIL000243,U004651,2026-04-17,failed,0.0,0
FAIL000244,U004672,2026-01-11,failed,0.0,0
FAIL000245,U004692,2026-03-07,failed,0.0,0
FAIL000246,U004704,2026-07-03,failed,0.0,0
FAIL000247,U004763,2026-01-15,failed,0.0,0
FAIL000248,U004764,2026-05-06,failed,0.0,0
FAIL000249,U004795,2026-07-09,failed,0.0,0
FAIL000250,U004814,2026-05-01,failed,0.0,0
FAIL000251,U004824,2026-03-02,failed,0.0,0
FAIL000252,U004831,2026-05-10,failed,0.0,0
FAIL000253,U004832,2026-04-30,failed,0.0,0
FAIL000254,U004863,2026-03-16,failed,0.0,0
FAIL000255,U004874,2026-04-07,failed,0.0,0
FAIL000256,U004890,2026-03-19,failed,0.0,0
FAIL000257,U004896,2026-05-03,failed,0.0,0
FAIL000258,U004924,2026-03-18,failed,0.0,0
FAIL000259,U004929,2026-06-06,failed,0.0,0
FAIL000260,U004966,2026-06-16,failed,0.0,0
FAIL000261,U005001,2026-05-02,failed,0.0,0
FAIL000262,U005006,2026-05-09,failed,0.0,0
FAIL000263,U005010,2026-01-30,failed,0.0,0
FAIL000264,U005017,2026-06-15,failed,0.0,0
FAIL000265,U005031,2026-05-09,failed,0.0,0
FAIL000266,U005071,2026-04-06,failed,0.0,0
FAIL000267,U005088,2026-05-17,failed,0.0,0
FAIL000268,U005089,2026-06-22,failed,0.0,0
FAIL000269,U005092,2026-05-01,failed,0.0,0
FAIL000270,U005116,2026-01-27,failed,0.0,0
FAIL000271,U005150,2026-06-12,failed,0.0,0
FAIL000272,U005161,2026-05-15,failed,0.0,0
FAIL000273,U005173,2026-06-04,failed,0.0,0
