ticket_id,user_id,created_at,topic,priority,resolution_hours,csat
T000001,U000001,2026-02-08 08:04:00,account,high,31.45,4.0
T000002,U000027,2026-06-03 08:40:00,technical_issue,low,16.88,3.0
T000003,U000036,2026-02-16 10:07:00,refund,high,14.52,3.0
T000004,U000039,2026-05-26 12:54:00,refund,low,9.78,4.0
T000005,U000050,2026-03-17 15:04:00,refund,medium,12.09,4.0
T000006,U000063,2026-05-06 16:37:00,course_content,low,22.9,3.0
T000007,U000067,2026-03-30 22:35:00,course_content,low,9.82,5.0
T000008,U000069,2026-05-01 19:26:00,technical_issue,low,12.55,5.0
T000009,U000069,2026-04-25 20:30:00,technical_issue,medium,2.13,5.0
T000010,U000072,2026-06-09 12:58:00,course_content,low,11.88,5.0
T000011,U000099,2026-07-03 08:22:00,technical_issue,medium,23.26,4.0
T000012,U000124,2026-03-31 11:20:00,technical_issue,medium,19.49,3.0
T000013,U000127,2026-04-04 13:52:00,account,medium,7.43,3.0
T000014,U000140,2026-07-03 22:04:00,payment,low,10.1,4.0
T000015,U000158,2026-04-22 15:27:00,refund,low,27.92,5.0
T000016,U000159,2026-05-20 11:17:00,account,medium,24.56,4.0
T000017,U000167,2026-05-04 14:06:00,account,low,14.06,3.0
T000018,U000167,2026-04-15 08:43:00,technical_issue,medium,18.59,3.0
T000019,U000175,2026-03-19 15:35:00,course_content,medium,34.05,3.0
T000020,U000189,2026-06-19 12:46:00,technical_issue,medium,16.04,4.0
T000021,U000199,2026-05-28 08:41:00,refund,medium,16.38,4.0
T000022,U000207,2026-06-27 14:02:00,technical_issue,medium,25.08,4.0
T000023,U000225,2026-07-28 20:57:00,payment,high,12.37,3.0
T000024,U000225,2026-07-11 13:45:00,payment,medium,1.0,3.0
T000025,U000225,2026-07-20 17:55:00,technical_issue,low,12.53,3.0
T000026,U000236,2026-03-18 14:45:00,course_content,medium,7.51,5.0
T000027,U000254,2026-05-28 19:12:00,course_content,low,11.05,4.0
T000028,U000257,2026-04-03 15:52:00,technical_issue,high,52.67,5.0
T000029,U000257,2026-04-01 20:40:00,technical_issue,medium,10.68,5.0
T000030,U000260,2026-01-25 20:10:00,payment,high,46.86,3.0
T000031,U000268,2026-07-10 16:53:00,refund,low,15.0,4.0
T000032,U000285,2026-06-03 10:59:00,payment,low,15.99,4.0
T000033,U000294,2026-06-14 21:09:00,technical_issue,medium,19.22,5.0
T000034,U000307,2026-04-26 17:29:00,payment,low,4.04,4.0
T000035,U000312,2026-06-19 10:26:00,payment,high,7.98,5.0
T000036,U000314,2026-06-25 17:41:00,technical_issue,low,8.87,2.0
T000037,U000321,2026-04-05 19:41:00,payment,low,67.99,1.0
T000038,U000321,2026-04-03 12:16:00,technical_issue,low,19.88,1.0
T000039,U000321,2026-04-09 12:26:00,course_content,medium,18.96,1.0
T000040,U000327,2026-04-02 12:06:00,refund,low,15.97,4.0
T000041,U000332,2026-05-22 11:09:00,refund,high,14.54,4.0
T000042,U000332,2026-05-16 09:28:00,account,low,2.93,4.0
T000043,U000332,2026-06-09 22:33:00,course_content,medium,24.2,4.0
T000044,U000335,2026-03-28 18:46:00,technical_issue,high,42.65,5.0
T000045,U000338,2026-06-25 18:48:00,refund,low,16.72,5.0
T000046,U000350,2026-03-16 12:10:00,payment,medium,7.26,4.0
T000047,U000352,2026-03-29 09:31:00,technical_issue,medium,22.95,4.0
T000048,U000352,2026-04-02 10:36:00,payment,high,15.96,4.0
T000049,U000355,2026-02-11 08:58:00,refund,medium,22.58,5.0
T000050,U000366,2026-07-20 21:15:00,refund,medium,21.78,3.0
T000051,U000378,2026-02-19 22:34:00,technical_issue,medium,17.62,5.0
T000052,U000383,2026-04-11 15:39:00,course_content,low,11.05,5.0
T000053,U000397,2026-05-29 16:21:00,refund,medium,29.57,4.0
T000054,U000406,2026-07-09 11:07:00,refund,medium,49.52,5.0
T000055,U000427,2026-04-04 21:28:00,course_content,low,10.5,4.0
T000056,U000433,2026-02-01 09:22:00,course_content,low,12.42,3.0
T000057,U000436,2026-04-03 21:03:00,technical_issue,low,5.64,5.0
T000058,U000446,2026-01-07 16:20:00,refund,high,29.6,3.0
T000059,U000449,2026-03-20 09:08:00,technical_issue,high,9.68,5.0
T000060,U000457,2026-06-18 22:02:00,course_content,medium,21.07,3.0
T000061,U000457,2026-07-12 18:45:00,technical_issue,low,19.88,3.0
T000062,U000460,2026-04-13 21:35:00,course_content,high,31.46,3.0
T000063,U000461,2026-06-20 10:05:00,refund,low,23.39,5.0
T000064,U000493,2026-04-12 13:25:00,account,medium,8.73,4.0
T000065,U000493,2026-03-26 16:20:00,course_content,low,6.26,4.0
T000066,U000493,2026-03-19 17:55:00,account,low,13.47,4.0
T000067,U000494,2026-04-03 21:24:00,course_content,medium,10.6,3.0
T000068,U000495,2026-03-30 17:41:00,technical_issue,low,6.95,4.0
T000069,U000504,2026-06-16 19:40:00,technical_issue,medium,4.91,5.0
T000070,U000508,2026-05-20 22:27:00,account,low,1.69,3.0
T000071,U000509,2026-04-10 11:04:00,course_content,medium,6.65,3.0
T000072,U000519,2026-05-01 08:37:00,payment,medium,14.12,4.0
T000073,U000525,2026-05-12 14:28:00,payment,medium,31.76,4.0
T000074,U000525,2026-05-04 21:32:00,payment,medium,7.38,4.0
T000075,U000535,2026-07-04 18:04:00,technical_issue,low,8.42,4.0
T000076,U000542,2026-04-09 15:23:00,refund,high,30.34,5.0
T000077,U000543,2026-02-27 17:21:00,course_content,low,27.38,4.0
T000078,U000549,2026-05-22 19:20:00,refund,low,18.1,5.0
T000079,U000549,2026-05-28 12:48:00,technical_issue,medium,4.41,5.0
T000080,U000598,2026-03-26 13:56:00,refund,low,19.01,4.0
T000081,U000611,2026-05-24 15:27:00,payment,low,27.48,4.0
T000082,U000616,2026-06-17 15:40:00,payment,medium,18.77,4.0
T000083,U000623,2026-03-06 14:14:00,technical_issue,low,6.91,4.0
T000084,U000631,2026-07-02 13:00:00,refund,medium,12.93,4.0
T000085,U000646,2026-06-27 22:03:00,refund,low,43.54,4.0
T000086,U000650,2026-07-10 22:26:00,account,high,15.53,4.0
T000087,U000655,2026-02-17 11:55:00,technical_issue,low,6.59,4.0
T000088,U000687,2026-05-12 17:11:00,account,low,78.06,3.0
T000089,U000687,2026-04-28 09:10:00,payment,low,13.02,3.0
T000090,U000689,2026-06-25 11:39:00,payment,medium,12.75,3.0
T000091,U000692,2026-03-23 16:02:00,technical_issue,medium,6.38,3.0
T000092,U000715,2026-03-06 13:14:00,account,low,40.52,4.0
T000093,U000730,2026-05-31 20:24:00,payment,medium,24.05,5.0
T000094,U000734,2026-07-02 14:19:00,technical_issue,medium,23.78,3.0
T000095,U000746,2026-04-13 08:33:00,technical_issue,low,4.37,4.0
T000096,U000751,2026-07-04 18:15:00,account,low,25.72,3.0
T000097,U000754,2026-04-26 13:18:00,account,medium,10.64,4.0
T000098,U000754,2026-04-10 10:30:00,payment,medium,29.52,4.0
T000099,U000787,2026-05-24 12:13:00,payment,low,11.87,5.0
T000100,U000787,2026-05-26 14:32:00,payment,low,19.44,5.0
T000101,U000789,2026-05-12 12:20:00,course_content,medium,17.58,3.0
T000102,U000791,2026-07-04 14:13:00,account,medium,16.65,4.0
T000103,U000805,2026-04-23 12:08:00,technical_issue,low,8.77,4.0
T000104,U000824,2026-05-27 13:41:00,refund,medium,11.88,3.0
T000105,U000826,2026-02-07 10:06:00,course_content,medium,10.28,3.0
T000106,U000828,2026-03-25 17:02:00,technical_issue,medium,18.04,3.0
T000107,U000829,2026-07-08 08:42:00,course_content,high,32.07,4.0
T000108,U000839,2026-05-08 20:24:00,technical_issue,low,4.38,4.0
T000109,U000848,2026-04-14 08:43:00,refund,low,8.42,2.0
T000110,U000854,2026-05-08 21:48:00,course_content,low,9.97,5.0
T000111,U000885,2026-01-29 18:50:00,payment,low,8.4,3.0
T000112,U000895,2026-05-15 08:15:00,payment,low,37.08,5.0
T000113,U000895,2026-05-16 10:09:00,technical_issue,low,10.95,5.0
T000114,U000907,2026-05-26 09:47:00,technical_issue,low,13.54,4.0
T000115,U000910,2026-07-03 18:02:00,payment,high,19.62,4.0
T000116,U000928,2026-02-20 11:52:00,course_content,low,4.0,4.0
T000117,U000929,2026-03-22 14:52:00,payment,medium,34.34,4.0
T000118,U000972,2026-05-12 22:41:00,course_content,medium,1.0,4.0
T000119,U000979,2026-07-20 19:51:00,refund,medium,12.95,3.0
T000120,U000983,2026-06-15 16:48:00,payment,low,4.11,5.0
T000121,U000984,2026-04-23 16:44:00,course_content,low,13.81,3.0
T000122,U000989,2026-05-03 08:01:00,payment,low,41.51,4.0
T000123,U001006,2026-06-22 16:30:00,refund,low,20.37,3.0
T000124,U001007,2026-03-27 15:02:00,account,high,9.03,4.0
T000125,U001011,2026-03-28 12:05:00,technical_issue,medium,9.79,3.0
T000126,U001027,2026-05-27 11:15:00,technical_issue,medium,10.15,4.0
T000127,U001029,2026-05-02 19:42:00,account,medium,11.1,3.0
T000128,U001038,2026-04-02 11:58:00,technical_issue,high,24.68,4.0
T000129,U001052,2026-06-11 21:59:00,technical_issue,medium,40.81,3.0
T000130,U001060,2026-04-29 21:40:00,course_content,medium,20.11,5.0
T000131,U001072,2026-05-18 19:34:00,technical_issue,low,11.92,3.0
T000132,U001077,2026-03-25 13:14:00,refund,medium,20.27,4.0
T000133,U001081,2026-07-20 11:05:00,account,low,9.94,5.0
T000134,U001082,2026-04-25 15:56:00,account,low,11.38,3.0
T000135,U001089,2026-03-09 08:14:00,technical_issue,low,14.97,5.0
T000136,U001091,2026-06-27 13:02:00,payment,high,16.46,4.0
T000137,U001102,2026-05-03 15:00:00,refund,low,23.47,4.0
T000138,U001102,2026-05-05 10:57:00,technical_issue,medium,20.01,4.0
T000139,U001102,2026-05-13 16:20:00,course_content,medium,29.13,4.0
T000140,U001102,2026-05-07 18:06:00,payment,high,10.75,4.0
T000141,U001104,2026-02-07 15:54:00,refund,low,14.51,4.0
T000142,U001105,2026-02-07 19:33:00,account,low,49.1,5.0
T000143,U001107,2026-03-14 11:08:00,account,medium,5.82,4.0
T000144,U001113,2026-01-28 15:24:00,payment,low,15.8,5.0
T000145,U001113,2026-02-19 11:18:00,technical_issue,high,22.65,5.0
T000146,U001128,2026-05-29 14:39:00,technical_issue,medium,33.87,4.0
T000147,U001128,2026-06-08 14:52:00,technical_issue,medium,15.71,4.0
T000148,U001130,2026-04-30 16:15:00,payment,high,22.38,3.0
T000149,U001137,2026-04-27 13:46:00,course_content,low,10.03,4.0
T000150,U001143,2026-03-01 17:39:00,technical_issue,medium,2.74,4.0
T000151,U001171,2026-07-05 15:22:00,refund,low,21.88,3.0
T000152,U001171,2026-07-04 18:22:00,account,medium,42.15,3.0
T000153,U001175,2026-03-31 19:33:00,payment,low,9.11,4.0
T000154,U001182,2026-05-18 16:37:00,payment,medium,10.94,3.0
T000155,U001184,2026-03-24 19:49:00,technical_issue,high,59.1,4.0
T000156,U001185,2026-04-27 19:39:00,technical_issue,medium,17.15,5.0
T000157,U001194,2026-04-03 12:56:00,payment,medium,45.41,5.0
T000158,U001195,2026-07-04 22:45:00,refund,high,18.13,3.0
T000159,U001195,2026-07-03 14:39:00,refund,high,19.62,3.0
T000160,U001201,2026-07-02 18:18:00,course_content,medium,19.16,4.0
T000161,U001204,2026-06-14 10:27:00,technical_issue,low,20.53,4.0
T000162,U001218,2026-02-06 08:46:00,payment,high,34.73,3.0
T000163,U001220,2026-05-25 14:45:00,technical_issue,high,37.65,3.0
T000164,U001226,2026-06-01 18:54:00,payment,low,39.97,5.0
T000165,U001234,2026-02-28 09:31:00,refund,medium,5.6,5.0
T000166,U001265,2026-05-10 14:34:00,course_content,medium,1.08,4.0
T000167,U001265,2026-05-09 17:19:00,technical_issue,medium,6.45,4.0
T000168,U001266,2026-03-08 21:37:00,technical_issue,low,10.86,4.0
T000169,U001266,2026-03-03 19:57:00,payment,low,8.98,4.0
T000170,U001285,2026-05-02 22:19:00,course_content,low,11.61,4.0
T000171,U001285,2026-04-15 17:23:00,technical_issue,low,4.69,4.0
T000172,U001291,2026-05-03 16:57:00,course_content,low,11.72,4.0
T000173,U001293,2026-04-05 21:54:00,refund,low,11.98,3.0
T000174,U001302,2026-04-15 18:46:00,payment,low,27.88,4.0
T000175,U001303,2026-01-24 11:42:00,payment,low,9.45,4.0
T000176,U001305,2026-05-21 20:21:00,course_content,low,29.24,4.0
T000177,U001314,2026-06-24 13:07:00,technical_issue,medium,6.65,4.0
T000178,U001315,2026-01-15 09:31:00,payment,low,22.85,4.0
T000179,U001320,2026-03-20 15:33:00,payment,medium,17.3,4.0
T000180,U001323,2026-04-12 08:21:00,technical_issue,medium,1.54,4.0
T000181,U001327,2026-06-18 14:02:00,course_content,low,8.11,3.0
T000182,U001330,2026-04-30 19:15:00,payment,medium,27.05,5.0
T000183,U001343,2026-05-14 16:45:00,course_content,medium,8.7,5.0
T000184,U001363,2026-02-27 08:24:00,course_content,low,8.23,3.0
T000185,U001364,2026-03-29 20:16:00,payment,high,27.37,5.0
T000186,U001374,2026-04-14 21:55:00,course_content,medium,30.06,4.0
T000187,U001389,2026-03-06 12:26:00,payment,low,19.34,4.0
T000188,U001389,2026-03-11 19:33:00,payment,low,11.19,4.0
T000189,U001391,2026-02-13 18:06:00,payment,low,6.65,4.0
T000190,U001414,2026-05-23 15:14:00,course_content,low,32.83,5.0
T000191,U001422,2026-02-15 18:44:00,account,low,6.57,5.0
T000192,U001430,2026-06-23 09:18:00,technical_issue,medium,4.46,5.0
T000193,U001433,2026-07-23 14:57:00,payment,low,25.21,5.0
T000194,U001440,2026-05-27 21:36:00,account,medium,25.41,3.0
T000195,U001441,2026-06-08 22:11:00,course_content,medium,4.27,5.0
T000196,U001451,2026-02-15 08:11:00,payment,low,18.52,3.0
T000197,U001466,2026-05-29 11:21:00,payment,medium,3.84,5.0
T000198,U001492,2026-01-20 13:25:00,technical_issue,low,11.74,4.0
T000199,U001501,2026-06-19 14:57:00,payment,medium,20.63,4.0
T000200,U001501,2026-06-20 22:59:00,course_content,medium,21.15,4.0
T000201,U001513,2026-04-20 15:29:00,account,high,13.04,3.0
T000202,U001519,2026-01-05 14:16:00,course_content,low,23.9,3.0
T000203,U001519,2026-01-12 20:43:00,course_content,medium,7.8,3.0
T000204,U001540,2026-02-15 18:56:00,course_content,medium,29.19,4.0
T000205,U001540,2026-02-16 22:35:00,payment,low,5.35,4.0
T000206,U001540,2026-03-05 08:34:00,refund,medium,35.35,4.0
T000207,U001543,2026-04-22 16:59:00,refund,medium,26.87,4.0
T000208,U001562,2026-07-19 13:42:00,payment,medium,10.46,5.0
T000209,U001567,2026-02-24 17:45:00,course_content,low,12.7,2.0
T000210,U001568,2026-06-26 18:28:00,payment,low,8.81,4.0
T000211,U001568,2026-06-09 13:20:00,payment,low,21.45,4.0
T000212,U001578,2026-07-20 13:08:00,account,medium,6.59,5.0
T000213,U001587,2026-06-13 16:29:00,course_content,low,11.86,3.0
T000214,U001589,2026-02-20 17:57:00,course_content,low,11.7,4.0
T000215,U001603,2026-05-31 20:17:00,payment,low,2.8,4.0
T000216,U001604,2026-05-01 14:22:00,course_content,low,26.49,4.0
T000217,U001604,2026-04-14 15:51:00,technical_issue,high,13.6,4.0
T000218,U001612,2026-06-05 11:20:00,payment,low,12.56,3.0
T000219,U001613,2026-02-15 11:53:00,technical_issue,low,7.85,5.0
T000220,U001620,2026-06-19 10:16:00,technical_issue,high,18.63,3.0
T000221,U001621,2026-04-25 12:25:00,technical_issue,low,20.53,3.0
T000222,U001642,2026-03-02 19:48:00,course_content,high,25.07,3.0
T000223,U001656,2026-07-10 19:33:00,payment,low,10.43,4.0
T000224,U001659,2026-06-13 10:52:00,course_content,low,7.49,5.0
T000225,U001664,2026-06-16 19:44:00,technical_issue,medium,8.43,2.0
T000226,U001692,2026-04-25 19:45:00,payment,medium,14.27,4.0
T000227,U001701,2026-03-19 21:07:00,account,high,42.11,5.0
T000228,U001710,2026-02-08 19:55:00,course_content,low,11.09,4.0
T000229,U001731,2026-03-13 22:45:00,refund,medium,20.38,4.0
T000230,U001733,2026-06-04 08:17:00,course_content,medium,3.79,4.0
T000231,U001734,2026-04-03 13:06:00,account,low,28.24,5.0
T000232,U001741,2026-04-30 13:34:00,course_content,medium,46.35,4.0
T000233,U001748,2026-05-20 16:08:00,payment,low,5.02,2.0
T000234,U001748,2026-06-12 12:57:00,course_content,medium,4.95,2.0
T000235,U001753,2026-05-03 10:37:00,refund,low,29.86,4.0
T000236,U001766,2026-07-02 20:19:00,course_content,low,21.39,4.0
T000237,U001771,2026-07-14 11:48:00,payment,medium,37.42,4.0
T000238,U001782,2026-02-15 19:02:00,payment,medium,13.27,3.0
T000239,U001791,2026-03-16 19:54:00,payment,low,5.08,5.0
T000240,U001797,2026-07-13 19:26:00,account,low,19.16,5.0
T000241,U001803,2026-01-17 13:06:00,payment,low,5.38,5.0
T000242,U001805,2026-01-30 09:11:00,course_content,low,26.43,3.0
T000243,U001822,2026-02-09 14:27:00,account,medium,34.78,4.0
T000244,U001825,2026-05-10 18:41:00,course_content,low,7.12,4.0
T000245,U001829,2026-06-30 19:11:00,payment,low,4.27,4.0
T000246,U001838,2026-06-07 21:34:00,course_content,high,20.47,4.0
T000247,U001844,2026-03-24 16:29:00,course_content,medium,45.39,5.0
T000248,U001848,2026-03-04 11:11:00,payment,medium,28.73,3.0
T000249,U001857,2026-01-12 19:58:00,payment,low,13.68,4.0
T000250,U001879,2026-04-29 18:53:00,technical_issue,low,37.13,4.0
T000251,U001882,2026-04-02 13:00:00,technical_issue,medium,17.36,5.0
T000252,U001890,2026-03-02 12:37:00,payment,low,36.31,4.0
T000253,U001893,2026-02-02 15:37:00,technical_issue,medium,1.36,4.0
T000254,U001921,2026-02-24 11:29:00,course_content,low,3.79,3.0
T000255,U001930,2026-01-14 16:44:00,payment,low,10.41,4.0
T000256,U001939,2026-05-12 13:31:00,course_content,low,7.29,3.0
T000257,U001948,2026-06-18 20:42:00,account,low,34.28,4.0
T000258,U001952,2026-06-08 12:16:00,technical_issue,low,4.8,4.0
T000259,U001953,2026-04-06 13:42:00,technical_issue,low,24.17,4.0
T000260,U001976,2026-04-29 22:51:00,technical_issue,low,20.15,3.0
T000261,U002007,2026-07-21 18:31:00,payment,low,16.0,5.0
T000262,U002012,2026-01-28 15:38:00,account,low,7.27,5.0
T000263,U002035,2026-07-07 19:43:00,payment,medium,17.19,5.0
T000264,U002042,2026-02-25 21:27:00,account,low,6.41,5.0
T000265,U002050,2026-05-24 17:11:00,technical_issue,medium,14.92,5.0
T000266,U002061,2026-07-15 10:01:00,payment,low,10.56,5.0
T000267,U002070,2026-04-08 18:48:00,refund,medium,11.98,3.0
T000268,U002075,2026-04-15 18:12:00,technical_issue,low,15.07,5.0
T000269,U002076,2026-06-30 10:09:00,account,low,12.98,4.0
T000270,U002085,2026-01-10 19:12:00,refund,medium,31.93,5.0
T000271,U002093,2026-02-05 09:55:00,course_content,high,27.86,3.0
T000272,U002098,2026-01-22 14:17:00,payment,high,15.28,4.0
T000273,U002100,2026-05-12 19:20:00,technical_issue,low,7.5,4.0
T000274,U002106,2026-05-01 10:17:00,technical_issue,medium,33.3,4.0
T000275,U002126,2026-05-27 19:37:00,technical_issue,low,12.78,4.0
T000276,U002128,2026-01-27 22:15:00,refund,low,50.51,4.0
T000277,U002128,2026-02-05 16:16:00,technical_issue,low,46.32,4.0
T000278,U002137,2026-02-05 14:05:00,technical_issue,low,10.96,4.0
T000279,U002138,2026-05-29 08:50:00,course_content,medium,13.74,4.0
T000280,U002141,2026-05-25 08:07:00,payment,medium,19.11,3.0
T000281,U002144,2026-02-12 17:36:00,payment,medium,5.83,3.0
T000282,U002153,2026-06-10 15:34:00,course_content,low,19.88,4.0
T000283,U002160,2026-06-03 13:21:00,course_content,medium,13.91,4.0
T000284,U002161,2026-04-30 16:42:00,payment,medium,8.27,2.0
T000285,U002161,2026-05-04 22:57:00,technical_issue,medium,1.0,2.0
T000286,U002163,2026-05-23 18:31:00,technical_issue,low,18.78,4.0
T000287,U002166,2026-05-10 17:30:00,refund,medium,31.79,5.0
T000288,U002170,2026-07-11 17:55:00,technical_issue,medium,28.38,4.0
T000289,U002173,2026-07-20 20:56:00,course_content,low,28.25,4.0
T000290,U002185,2026-07-15 08:32:00,refund,low,7.66,5.0
T000291,U002189,2026-03-29 15:44:00,course_content,medium,13.88,5.0
T000292,U002198,2026-04-06 15:24:00,account,high,13.14,4.0
T000293,U002200,2026-06-16 11:40:00,payment,low,46.67,4.0
T000294,U002210,2026-06-13 08:32:00,refund,low,22.58,5.0
T000295,U002213,2026-03-22 22:08:00,refund,low,12.05,5.0
T000296,U002216,2026-05-10 18:32:00,course_content,high,7.85,4.0
T000297,U002233,2026-01-10 18:20:00,account,medium,10.43,4.0
T000298,U002241,2026-03-31 17:51:00,refund,medium,15.09,4.0
T000299,U002245,2026-02-23 21:57:00,payment,medium,1.04,5.0
T000300,U002252,2026-04-07 16:07:00,technical_issue,low,8.12,5.0
T000301,U002259,2026-06-27 15:42:00,account,low,24.1,4.0
T000302,U002280,2026-06-05 21:29:00,payment,low,18.33,3.0
T000303,U002281,2026-06-03 18:28:00,refund,medium,36.36,5.0
T000304,U002304,2026-03-15 21:19:00,course_content,low,3.42,4.0
T000305,U002308,2026-05-13 21:12:00,course_content,medium,34.58,3.0
T000306,U002334,2026-02-23 16:43:00,technical_issue,medium,6.67,4.0
T000307,U002342,2026-01-24 19:06:00,course_content,high,10.43,4.0
T000308,U002346,2026-03-25 10:30:00,account,medium,3.16,4.0
T000309,U002350,2026-03-20 20:46:00,refund,high,15.52,4.0
T000310,U002350,2026-04-06 11:00:00,payment,low,1.12,4.0
T000311,U002355,2026-02-17 19:27:00,payment,low,12.08,5.0
T000312,U002376,2026-05-02 12:28:00,technical_issue,low,14.08,5.0
T000313,U002377,2026-01-27 09:21:00,refund,low,16.47,5.0
T000314,U002379,2026-03-05 16:58:00,technical_issue,low,11.86,4.0
T000315,U002388,2026-05-21 15:05:00,technical_issue,low,4.85,3.0
T000316,U002401,2026-02-15 19:02:00,refund,low,8.77,4.0
T000317,U002412,2026-04-13 13:59:00,payment,medium,10.14,5.0
T000318,U002413,2026-02-20 22:19:00,account,low,6.53,3.0
T000319,U002429,2026-03-16 08:19:00,payment,low,29.36,3.0
T000320,U002429,2026-03-25 22:16:00,payment,medium,9.94,3.0
T000321,U002429,2026-03-03 11:32:00,payment,medium,2.8,3.0
T000322,U002437,2026-05-22 14:21:00,course_content,medium,15.18,5.0
T000323,U002443,2026-04-28 20:44:00,account,medium,8.45,4.0
T000324,U002443,2026-04-24 10:10:00,refund,medium,6.14,4.0
T000325,U002474,2026-06-23 16:09:00,payment,low,10.69,5.0
T000326,U002476,2026-01-31 08:35:00,payment,high,22.81,4.0
T000327,U002491,2026-03-03 15:28:00,payment,high,31.46,4.0
T000328,U002492,2026-02-26 13:28:00,payment,low,24.57,4.0
T000329,U002494,2026-06-07 20:17:00,course_content,low,46.32,4.0
T000330,U002500,2026-07-24 14:21:00,course_content,low,7.39,4.0
T000331,U002508,2026-02-04 22:38:00,technical_issue,low,23.86,5.0
T000332,U002512,2026-02-20 15:02:00,technical_issue,medium,13.33,5.0
T000333,U002520,2026-01-27 14:20:00,account,medium,40.37,5.0
T000334,U002527,2026-06-07 17:26:00,course_content,medium,18.19,5.0
T000335,U002533,2026-03-27 11:52:00,payment,low,6.43,5.0
T000336,U002551,2026-06-01 21:08:00,refund,high,19.82,5.0
T000337,U002558,2026-03-28 21:34:00,payment,low,38.21,3.0
T000338,U002570,2026-07-08 19:07:00,technical_issue,medium,6.15,3.0
T000339,U002577,2026-03-05 09:26:00,account,medium,34.58,5.0
T000340,U002590,2026-03-03 14:55:00,refund,low,10.62,4.0
T000341,U002593,2026-02-11 18:53:00,course_content,medium,14.04,5.0
T000342,U002598,2026-06-20 11:46:00,course_content,medium,23.23,5.0
T000343,U002630,2026-01-09 15:29:00,refund,medium,7.28,5.0
T000344,U002633,2026-01-09 11:45:00,course_content,medium,12.41,4.0
T000345,U002636,2026-03-28 08:45:00,technical_issue,high,14.96,5.0
T000346,U002642,2026-05-14 11:54:00,payment,low,34.98,5.0
T000347,U002648,2026-05-07 08:41:00,refund,low,30.04,5.0
T000348,U002665,2026-03-29 21:09:00,payment,low,28.79,5.0
T000349,U002678,2026-06-07 22:11:00,course_content,medium,7.41,4.0
T000350,U002697,2026-02-01 20:09:00,course_content,low,9.67,5.0
T000351,U002700,2026-05-05 09:29:00,course_content,low,36.73,5.0
T000352,U002703,2026-02-21 14:03:00,refund,medium,17.74,4.0
T000353,U002707,2026-02-22 20:09:00,payment,low,9.2,3.0
T000354,U002711,2026-06-15 12:32:00,refund,high,16.16,5.0
T000355,U002713,2026-01-18 16:22:00,payment,high,17.14,4.0
T000356,U002720,2026-07-04 10:05:00,refund,medium,24.96,4.0
T000357,U002721,2026-06-25 22:03:00,account,medium,12.96,3.0
T000358,U002738,2026-04-13 13:27:00,payment,medium,14.88,4.0
T000359,U002749,2026-02-06 20:05:00,account,medium,20.07,4.0
T000360,U002751,2026-07-05 22:12:00,payment,low,34.81,5.0
T000361,U002755,2026-05-30 22:06:00,payment,high,17.77,5.0
T000362,U002757,2026-04-12 20:35:00,account,low,10.79,5.0
T000363,U002758,2026-05-05 19:07:00,technical_issue,medium,23.94,3.0
T000364,U002758,2026-05-07 16:18:00,course_content,low,17.77,3.0
T000365,U002779,2026-03-04 16:21:00,technical_issue,high,22.91,5.0
T000366,U002785,2026-01-01 14:18:00,course_content,medium,22.53,4.0
T000367,U002785,2026-01-04 20:13:00,course_content,medium,2.18,4.0
T000368,U002792,2026-04-20 09:31:00,course_content,high,13.14,5.0
T000369,U002794,2026-03-02 20:24:00,technical_issue,low,5.63,4.0
T000370,U002801,2026-02-04 21:10:00,refund,medium,25.97,5.0
T000371,U002808,2026-02-21 15:14:00,course_content,low,18.97,5.0
T000372,U002809,2026-02-21 11:34:00,payment,medium,12.11,3.0
T000373,U002818,2026-07-18 15:15:00,payment,low,25.27,4.0
T000374,U002843,2026-03-02 11:32:00,account,high,34.93,3.0
T000375,U002847,2026-02-20 22:01:00,course_content,low,10.82,4.0
T000376,U002859,2026-07-10 15:49:00,course_content,low,9.41,4.0
T000377,U002863,2026-05-13 10:21:00,payment,medium,13.72,5.0
T000378,U002875,2026-06-25 20:26:00,payment,medium,11.42,4.0
T000379,U002880,2026-06-01 19:52:00,technical_issue,medium,28.03,5.0
T000380,U002885,2026-04-12 10:31:00,course_content,low,7.49,4.0
T000381,U002898,2026-04-11 21:07:00,refund,low,28.07,3.0
T000382,U002907,2026-06-30 09:42:00,course_content,high,8.65,4.0
T000383,U002910,2026-02-09 16:39:00,payment,low,16.32,5.0
T000384,U002910,2026-01-31 08:13:00,payment,high,23.18,5.0
T000385,U002910,2026-01-25 20:13:00,payment,high,10.22,5.0
T000386,U002918,2026-03-27 13:14:00,refund,low,13.88,5.0
T000387,U002926,2026-03-03 15:37:00,payment,medium,30.9,5.0
T000388,U002932,2026-07-03 20:18:00,technical_issue,high,26.84,4.0
T000389,U002938,2026-04-02 10:35:00,account,high,15.29,3.0
T000390,U002945,2026-05-13 14:31:00,technical_issue,medium,11.37,4.0
T000391,U002951,2026-05-27 09:48:00,account,low,7.93,3.0
T000392,U002964,2026-07-14 22:43:00,refund,low,7.48,3.0
T000393,U002972,2026-01-15 14:04:00,course_content,medium,12.92,5.0
T000394,U002978,2026-05-27 11:09:00,account,low,27.46,4.0
T000395,U002978,2026-06-05 18:27:00,payment,medium,4.01,4.0
T000396,U002986,2026-02-22 16:34:00,refund,medium,25.9,3.0
T000397,U002988,2026-02-21 13:28:00,payment,high,17.33,3.0
T000398,U003008,2026-03-14 10:48:00,technical_issue,low,5.88,4.0
T000399,U003010,2026-07-03 08:37:00,course_content,low,7.71,4.0
T000400,U003010,2026-07-07 16:17:00,payment,medium,30.18,4.0
T000401,U003012,2026-05-07 15:32:00,course_content,high,40.1,5.0
T000402,U003023,2026-06-01 16:28:00,payment,medium,11.68,3.0
T000403,U003026,2026-04-12 12:42:00,course_content,medium,3.86,4.0
T000404,U003032,2026-07-02 20:27:00,account,high,33.93,4.0
T000405,U003038,2026-04-02 11:27:00,account,medium,26.54,4.0
T000406,U003042,2026-02-21 13:16:00,payment,medium,5.04,4.0
T000407,U003043,2026-04-16 14:38:00,course_content,low,22.87,4.0
T000408,U003090,2026-02-02 19:11:00,refund,low,17.15,3.0
T000409,U003102,2026-03-30 21:06:00,refund,low,17.1,4.0
T000410,U003117,2026-06-27 19:43:00,payment,medium,12.62,4.0
T000411,U003124,2026-06-21 16:59:00,course_content,medium,13.7,2.0
T000412,U003125,2026-06-22 08:31:00,refund,low,15.64,4.0
T000413,U003127,2026-03-30 08:12:00,course_content,medium,10.25,5.0
T000414,U003129,2026-04-14 20:56:00,payment,medium,20.78,4.0
T000415,U003134,2026-02-04 17:35:00,course_content,low,6.04,5.0
T000416,U003136,2026-03-28 14:22:00,course_content,medium,1.0,4.0
T000417,U003137,2026-05-07 18:20:00,payment,low,8.03,4.0
T000418,U003147,2026-06-02 13:30:00,course_content,low,14.8,4.0
T000419,U003148,2026-04-01 12:54:00,payment,low,16.77,3.0
T000420,U003153,2026-06-14 21:27:00,payment,low,7.04,4.0
T000421,U003154,2026-06-09 10:43:00,payment,high,22.48,4.0
T000422,U003163,2026-04-22 19:18:00,course_content,medium,4.37,5.0
T000423,U003175,2026-07-12 19:05:00,course_content,high,50.19,4.0
T000424,U003176,2026-06-19 16:39:00,payment,low,26.49,5.0
T000425,U003178,2026-01-28 16:11:00,technical_issue,medium,70.47,5.0
T000426,U003187,2026-03-16 17:38:00,account,medium,5.4,3.0
T000427,U003187,2026-03-07 13:35:00,payment,medium,13.18,3.0
T000428,U003192,2026-02-13 18:51:00,payment,medium,15.14,5.0
T000429,U003196,2026-03-22 22:49:00,account,high,30.85,5.0
T000430,U003198,2026-05-11 09:59:00,payment,low,20.56,5.0
T000431,U003202,2026-05-25 20:02:00,course_content,medium,2.91,5.0
T000432,U003221,2026-01-28 17:02:00,account,medium,29.13,4.0
T000433,U003247,2026-04-16 08:51:00,refund,high,39.73,4.0
T000434,U003266,2026-02-14 16:52:00,payment,low,18.54,4.0
T000435,U003280,2026-02-24 22:39:00,payment,medium,53.9,4.0
T000436,U003280,2026-01-27 15:44:00,course_content,low,16.13,4.0
T000437,U003300,2026-07-05 10:01:00,account,high,8.88,5.0
T000438,U003305,2026-03-22 22:39:00,course_content,medium,19.76,4.0
T000439,U003310,2026-02-15 17:48:00,technical_issue,low,17.24,4.0
T000440,U003311,2026-06-09 22:47:00,course_content,low,13.72,5.0
T000441,U003321,2026-05-05 20:59:00,payment,low,13.13,5.0
T000442,U003331,2026-04-20 10:12:00,payment,low,3.93,5.0
T000443,U003338,2026-01-15 20:15:00,course_content,medium,13.81,5.0
T000444,U003346,2026-06-22 22:29:00,course_content,high,9.77,5.0
T000445,U003348,2026-02-04 21:16:00,technical_issue,low,13.95,5.0
T000446,U003351,2026-05-26 09:18:00,account,low,7.16,4.0
T000447,U003360,2026-04-16 17:02:00,refund,medium,7.18,5.0
T000448,U003368,2026-04-20 21:58:00,payment,medium,11.05,3.0
T000449,U003374,2026-06-22 16:11:00,payment,high,27.94,3.0
T000450,U003374,2026-06-12 19:03:00,payment,low,4.93,3.0
T000451,U003410,2026-05-31 12:37:00,payment,medium,3.5,5.0
T000452,U003411,2026-03-31 14:14:00,account,low,10.47,5.0
T000453,U003412,2026-05-17 12:50:00,refund,medium,25.08,3.0
T000454,U003424,2026-01-27 14:24:00,course_content,medium,13.87,3.0
T000455,U003434,2026-01-08 20:01:00,account,medium,14.04,5.0
T000456,U003450,2026-01-14 11:50:00,technical_issue,low,23.12,3.0
T000457,U003453,2026-03-04 11:55:00,technical_issue,medium,17.97,3.0
T000458,U003461,2026-05-27 10:52:00,account,low,4.23,5.0
T000459,U003464,2026-05-22 14:42:00,payment,medium,16.2,3.0
T000460,U003465,2026-05-11 13:54:00,payment,low,19.94,4.0
T000461,U003474,2026-02-12 18:37:00,course_content,medium,4.38,5.0
T000462,U003475,2026-06-27 11:36:00,payment,medium,13.62,3.0
T000463,U003476,2026-05-25 15:37:00,payment,low,4.43,5.0
T000464,U003490,2026-04-27 21:31:00,course_content,medium,8.62,3.0
T000465,U003504,2026-01-29 13:10:00,technical_issue,low,19.44,4.0
T000466,U003516,2026-04-28 20:47:00,payment,high,44.99,5.0
T000467,U003522,2026-04-02 15:15:00,refund,low,54.2,5.0
T000468,U003529,2026-02-12 18:18:00,payment,low,12.11,5.0
T000469,U003540,2026-03-01 11:27:00,technical_issue,low,17.86,3.0
T000470,U003547,2026-06-25 12:00:00,refund,medium,20.75,5.0
T000471,U003547,2026-07-09 17:37:00,refund,low,23.26,5.0
T000472,U003554,2026-02-02 11:27:00,payment,medium,20.77,4.0
T000473,U003566,2026-03-05 09:00:00,technical_issue,medium,14.86,4.0
T000474,U003584,2026-01-30 10:24:00,account,medium,32.25,4.0
T000475,U003584,2026-02-06 19:26:00,technical_issue,low,8.14,4.0
T000476,U003585,2026-03-22 22:53:00,payment,medium,7.13,4.0
T000477,U003588,2026-07-05 11:31:00,technical_issue,medium,18.77,5.0
T000478,U003596,2026-02-04 18:53:00,account,medium,6.48,4.0
T000479,U003606,2026-05-29 14:10:00,payment,high,23.4,3.0
T000480,U003623,2026-07-08 11:00:00,course_content,medium,15.28,4.0
T000481,U003646,2026-06-09 08:37:00,technical_issue,low,30.28,3.0
T000482,U003714,2026-03-08 15:58:00,course_content,low,15.85,3.0
T000483,U003714,2026-03-10 10:28:00,account,medium,14.06,3.0
T000484,U003714,2026-03-10 13:36:00,technical_issue,medium,25.11,3.0
T000485,U003723,2026-06-18 12:29:00,technical_issue,medium,22.05,5.0
T000486,U003728,2026-07-22 10:38:00,payment,low,9.87,3.0
T000487,U003733,2026-03-16 09:16:00,technical_issue,medium,11.12,4.0
T000488,U003747,2026-06-01 19:23:00,technical_issue,medium,14.58,4.0
T000489,U003750,2026-04-25 18:23:00,refund,low,17.84,4.0
T000490,U003767,2026-03-24 20:32:00,course_content,low,16.66,3.0
T000491,U003771,2026-06-07 14:53:00,account,medium,28.53,4.0
T000492,U003772,2026-05-16 18:03:00,technical_issue,medium,13.73,4.0
T000493,U003777,2026-06-01 08:03:00,technical_issue,high,24.25,4.0
T000494,U003785,2026-02-14 22:52:00,account,low,5.81,4.0
T000495,U003787,2026-03-25 17:17:00,course_content,medium,28.28,4.0
T000496,U003810,2026-05-12 10:57:00,account,medium,18.01,5.0
T000497,U003811,2026-03-29 16:50:00,payment,low,22.63,4.0
T000498,U003816,2026-06-13 16:54:00,course_content,medium,8.8,3.0
T000499,U003831,2026-06-06 14:52:00,payment,high,22.01,5.0
T000500,U003831,2026-06-12 19:04:00,refund,medium,32.46,5.0
T000501,U003837,2026-03-25 16:06:00,course_content,medium,11.68,5.0
T000502,U003838,2026-07-15 08:46:00,refund,low,25.15,4.0
T000503,U003846,2026-06-02 18:24:00,technical_issue,low,4.94,3.0
T000504,U003857,2026-04-24 09:45:00,account,medium,5.01,4.0
T000505,U003865,2026-02-28 10:11:00,payment,medium,16.67,5.0
T000506,U003867,2026-05-11 14:40:00,course_content,medium,27.58,4.0
T000507,U003869,2026-03-08 09:37:00,technical_issue,medium,39.25,4.0
T000508,U003871,2026-02-21 16:38:00,account,medium,25.6,4.0
T000509,U003907,2026-05-09 17:12:00,course_content,medium,13.05,4.0
T000510,U003927,2026-05-05 10:56:00,technical_issue,medium,19.52,4.0
T000511,U003941,2026-01-16 18:32:00,payment,medium,10.96,3.0
T000512,U003953,2026-04-28 14:09:00,account,medium,26.69,2.0
T000513,U003963,2026-05-01 11:35:00,payment,high,24.68,4.0
T000514,U003970,2026-02-24 13:33:00,payment,high,21.61,5.0
T000515,U003971,2026-07-01 16:29:00,payment,medium,12.1,5.0
T000516,U003980,2026-04-14 16:50:00,payment,low,10.62,4.0
T000517,U003985,2026-04-11 14:11:00,refund,medium,16.33,4.0
T000518,U003989,2026-04-22 16:30:00,course_content,low,22.68,5.0
T000519,U004007,2026-04-12 16:53:00,technical_issue,low,5.98,4.0
T000520,U004011,2026-04-13 18:42:00,course_content,medium,15.01,5.0
T000521,U004018,2026-03-07 19:11:00,account,low,21.25,5.0
T000522,U004054,2026-02-23 17:48:00,payment,medium,4.59,5.0
T000523,U004096,2026-02-28 20:36:00,payment,medium,7.36,5.0
T000524,U004096,2026-03-24 14:49:00,course_content,high,24.34,5.0
T000525,U004108,2026-07-08 08:09:00,technical_issue,low,7.37,5.0
T000526,U004111,2026-07-07 18:59:00,payment,medium,10.62,5.0
T000527,U004113,2026-01-26 21:13:00,course_content,low,7.68,4.0
T000528,U004126,2026-02-11 13:19:00,technical_issue,medium,35.03,3.0
T000529,U004131,2026-01-25 16:13:00,payment,medium,8.79,4.0
T000530,U004144,2026-02-15 15:29:00,course_content,medium,14.39,5.0
T000531,U004154,2026-05-23 18:25:00,refund,high,46.82,5.0
T000532,U004158,2026-06-06 17:16:00,course_content,high,22.0,5.0
T000533,U004160,2026-03-22 22:15:00,technical_issue,medium,7.2,3.0
T000534,U004172,2026-02-20 12:29:00,account,medium,27.84,5.0
T000535,U004182,2026-01-21 12:34:00,technical_issue,low,3.54,4.0
T000536,U004198,2026-05-06 11:13:00,technical_issue,low,10.68,3.0
T000537,U004205,2026-05-03 18:40:00,account,low,7.61,4.0
T000538,U004217,2026-05-05 21:59:00,course_content,medium,15.62,4.0
T000539,U004226,2026-02-19 17:11:00,account,low,7.49,5.0
T000540,U004229,2026-04-18 22:28:00,payment,low,11.99,3.0
T000541,U004241,2026-04-02 21:22:00,technical_issue,low,24.66,2.0
T000542,U004256,2026-01-15 22:30:00,refund,low,51.96,4.0
T000543,U004263,2026-02-27 15:40:00,payment,low,47.13,4.0
T000544,U004272,2026-02-02 09:40:00,account,medium,6.13,4.0
T000545,U004273,2026-02-26 22:28:00,refund,low,9.97,3.0
T000546,U004280,2026-07-04 08:31:00,refund,medium,17.53,4.0
T000547,U004289,2026-04-19 22:52:00,refund,medium,20.7,4.0
T000548,U004289,2026-05-03 16:34:00,course_content,low,29.52,4.0
T000549,U004289,2026-05-08 14:23:00,technical_issue,high,8.78,4.0
T000550,U004289,2026-04-29 16:59:00,course_content,high,12.3,4.0
T000551,U004313,2026-07-24 18:40:00,course_content,low,7.02,5.0
T000552,U004323,2026-04-04 15:15:00,course_content,low,12.84,5.0
T000553,U004327,2026-01-31 11:51:00,technical_issue,low,8.49,3.0
T000554,U004336,2026-02-16 12:17:00,course_content,low,10.96,4.0
T000555,U004366,2026-02-19 09:37:00,technical_issue,high,7.62,5.0
T000556,U004385,2026-05-03 15:27:00,technical_issue,medium,20.89,5.0
T000557,U004394,2026-05-03 21:12:00,course_content,medium,31.87,5.0
T000558,U004399,2026-04-29 20:20:00,refund,low,36.79,4.0
T000559,U004400,2026-01-30 09:29:00,course_content,medium,3.5,4.0
T000560,U004410,2026-06-11 13:41:00,course_content,low,19.61,4.0
T000561,U004419,2026-06-10 20:39:00,payment,medium,6.23,4.0
T000562,U004426,2026-04-17 11:04:00,refund,medium,7.42,4.0
T000563,U004436,2026-03-15 20:18:00,payment,medium,9.59,4.0
T000564,U004456,2026-06-11 18:13:00,course_content,medium,17.17,4.0
T000565,U004457,2026-05-09 21:20:00,technical_issue,high,34.49,4.0
T000566,U004458,2026-04-20 22:58:00,course_content,high,31.08,4.0
T000567,U004458,2026-03-26 08:12:00,technical_issue,medium,9.39,4.0
T000568,U004468,2026-06-06 20:51:00,account,medium,8.87,4.0
T000569,U004476,2026-04-08 12:32:00,refund,low,26.75,4.0
T000570,U004478,2026-04-04 10:23:00,course_content,medium,27.98,4.0
T000571,U004484,2026-06-27 16:39:00,technical_issue,medium,13.5,4.0
T000572,U004488,2026-03-12 13:35:00,technical_issue,low,9.0,5.0
T000573,U004493,2026-05-28 20:55:00,refund,low,13.51,3.0
T000574,U004500,2026-03-21 12:23:00,payment,low,16.58,5.0
T000575,U004500,2026-03-11 08:02:00,payment,low,16.47,5.0
T000576,U004502,2026-06-28 19:57:00,course_content,medium,9.94,4.0
T000577,U004510,2026-05-08 10:06:00,technical_issue,low,14.48,4.0
T000578,U004510,2026-05-29 22:23:00,course_content,medium,8.67,4.0
T000579,U004531,2026-06-20 19:25:00,technical_issue,medium,17.93,4.0
T000580,U004543,2026-03-16 15:48:00,payment,medium,38.31,4.0
T000581,U004543,2026-03-05 08:45:00,technical_issue,low,7.43,4.0
T000582,U004550,2026-03-08 12:40:00,course_content,medium,6.92,4.0
T000583,U004594,2026-02-15 19:26:00,technical_issue,low,8.03,3.0
T000584,U004602,2026-06-19 12:04:00,account,high,19.67,4.0
T000585,U004609,2026-03-03 19:57:00,payment,medium,6.92,4.0
T000586,U004610,2026-05-20 14:00:00,payment,low,13.22,5.0
T000587,U004626,2026-04-27 21:00:00,account,low,17.55,4.0
T000588,U004629,2026-02-05 18:45:00,account,medium,10.17,2.0
T000589,U004631,2026-07-03 14:06:00,refund,low,32.95,4.0
T000590,U004651,2026-04-28 16:34:00,course_content,medium,13.67,5.0
T000591,U004667,2026-04-10 10:44:00,payment,low,7.95,5.0
T000592,U004671,2026-03-16 12:16:00,payment,medium,9.22,4.0
T000593,U004672,2026-01-29 12:30:00,account,low,9.61,4.0
T000594,U004673,2026-04-03 13:23:00,payment,medium,14.55,4.0
T000595,U004685,2026-03-28 18:49:00,technical_issue,low,21.45,5.0
T000596,U004687,2026-06-23 10:54:00,payment,low,13.26,4.0
T000597,U004692,2026-03-06 21:19:00,course_content,low,25.46,4.0
T000598,U004692,2026-03-13 09:09:00,payment,medium,9.64,4.0
T000599,U004701,2026-03-31 17:19:00,account,medium,60.58,4.0
T000600,U004704,2026-07-01 16:00:00,technical_issue,low,14.35,3.0
T000601,U004716,2026-05-28 20:15:00,course_content,high,11.1,5.0
T000602,U004725,2026-06-02 12:56:00,course_content,medium,1.77,5.0
T000603,U004738,2026-06-30 21:14:00,refund,low,9.75,5.0
T000604,U004747,2026-03-06 08:45:00,refund,medium,28.16,4.0
T000605,U004778,2026-02-01 08:06:00,technical_issue,medium,12.42,4.0
T000606,U004781,2026-05-06 22:50:00,refund,medium,18.4,4.0
T000607,U004790,2026-05-18 10:04:00,technical_issue,medium,16.88,4.0
T000608,U004811,2026-06-19 20:07:00,payment,high,24.54,3.0
T000609,U004824,2026-03-16 09:47:00,course_content,low,11.21,4.0
T000610,U004824,2026-03-24 21:59:00,account,medium,6.34,4.0
T000611,U004824,2026-03-14 20:26:00,course_content,medium,25.97,4.0
T000612,U004824,2026-03-06 18:34:00,payment,medium,29.67,4.0
T000613,U004825,2026-02-01 14:32:00,course_content,medium,8.33,4.0
T000614,U004841,2026-05-05 12:25:00,course_content,low,9.93,4.0
T000615,U004842,2026-02-20 16:53:00,course_content,medium,21.37,4.0
T000616,U004847,2026-02-20 09:22:00,course_content,medium,7.2,4.0
T000617,U004849,2026-01-30 11:36:00,payment,high,37.68,3.0
T000618,U004850,2026-01-14 22:04:00,course_content,high,23.42,3.0
T000619,U004863,2026-03-10 15:35:00,course_content,medium,8.88,3.0
T000620,U004871,2026-04-04 21:41:00,account,low,20.65,3.0
T000621,U004874,2026-04-10 10:33:00,payment,low,17.46,4.0
T000622,U004874,2026-04-06 09:35:00,refund,medium,11.09,4.0
T000623,U004874,2026-04-26 17:39:00,course_content,medium,7.77,4.0
T000624,U004890,2026-04-12 20:30:00,payment,medium,6.1,2.0
T000625,U004890,2026-03-25 12:38:00,account,medium,2.27,2.0
T000626,U004901,2026-03-12 18:28:00,course_content,low,5.96,5.0
T000627,U004902,2026-02-20 09:12:00,refund,high,30.16,4.0
T000628,U004910,2026-04-28 14:45:00,payment,medium,8.06,4.0
T000629,U004924,2026-03-31 11:55:00,course_content,low,10.16,5.0
T000630,U004924,2026-03-06 10:45:00,course_content,medium,9.01,5.0
T000631,U004966,2026-06-24 19:33:00,technical_issue,medium,32.42,5.0
T000632,U004966,2026-07-02 14:42:00,payment,low,22.64,5.0
T000633,U004989,2026-05-17 14:30:00,account,low,5.48,3.0
T000634,U004989,2026-05-04 20:16:00,course_content,low,2.91,3.0
T000635,U004990,2026-03-12 12:05:00,course_content,high,12.63,3.0
T000636,U004998,2026-01-22 17:37:00,course_content,low,14.5,4.0
T000637,U004999,2026-05-23 16:35:00,technical_issue,medium,20.53,5.0
T000638,U005001,2026-05-24 08:57:00,refund,low,16.33,4.0
T000639,U005001,2026-05-01 11:24:00,account,low,9.27,4.0
T000640,U005001,2026-04-30 19:22:00,payment,low,3.11,4.0
T000641,U005006,2026-06-02 12:06:00,payment,low,12.06,3.0
T000642,U005017,2026-06-18 21:40:00,refund,medium,40.51,5.0
T000643,U005017,2026-06-05 10:14:00,technical_issue,high,35.86,5.0
T000644,U005031,2026-05-06 21:02:00,technical_issue,medium,16.12,3.0
T000645,U005055,2026-02-12 09:50:00,account,low,15.38,4.0
T000646,U005071,2026-05-01 10:57:00,account,low,12.76,5.0
T000647,U005071,2026-04-24 09:43:00,payment,medium,15.03,5.0
T000648,U005077,2026-03-26 19:47:00,technical_issue,high,10.23,4.0
T000649,U005084,2026-05-07 20:22:00,payment,low,14.51,5.0
T000650,U005089,2026-07-07 08:20:00,refund,low,21.23,4.0
T000651,U005099,2026-04-19 15:03:00,refund,low,12.82,5.0
T000652,U005114,2026-03-28 08:58:00,technical_issue,high,24.23,4.0
T000653,U005115,2026-05-26 20:58:00,technical_issue,low,4.44,5.0
T000654,U005120,2026-04-22 11:32:00,payment,low,17.17,4.0
T000655,U005122,2026-03-06 13:45:00,payment,medium,6.91,4.0
T000656,U005129,2026-05-09 17:36:00,payment,high,17.86,4.0
T000657,U005129,2026-04-30 11:00:00,course_content,low,22.01,4.0
T000658,U005150,2026-06-21 20:53:00,course_content,low,6.7,4.0
T000659,U005150,2026-06-29 14:27:00,refund,low,31.67,4.0
T000660,U005158,2026-03-14 15:45:00,technical_issue,medium,21.89,5.0
T000661,U005162,2026-06-28 14:05:00,account,low,19.28,5.0
T000662,U005189,2026-06-22 15:56:00,refund,medium,17.12,5.0
